Rk,Name,Age,Debut,Last Game,Pos,Tm,WAR,Ht,Wt,B,T,Birthdate,Birthplace,Draft/Signing,Schools,High School,Given Name,Name-additional,
1,CJ Abrams,21.187,Apr 8,,64/H9D,SDP,0.1,6-2,185,L,R,Oct 3 2000,Alpharetta GA US,Drafted by the San Diego Padres in the 1st round (6th pick) of the 2019 amateur draft. Player signed June 10 2019.,,Blessed Trinity Catholic HS (Roswell GA),Paul Christopher,abramcj01,
2,Ryan Aguilar,27.349,Aug 26,,/9738,LAA,-0.3,6-2,168,L,L,Sep 11 1994,Yorba Linda CA US,Drafted by the Milwaukee Brewers in the 31st round of the 2016 amateur draft. Player signed July 8 2016.,University of Arizona (Tucson AZ),Esperanza HS (Anaheim CA),Ryan Scott,aguilry01,
3,Jason Alexander,29.092,Jun 1,,1,MIL,-0.9,6-3,200,R,R,Mar 1 1993,Windsor CA US,Signed as a Free Agent with the Los Angeles Angels in 2017.,California State University Long Beach (Long Beach CA) Menlo College (Atherton CA),Cardinal Newman HS (Santa Rosa CA),Jason Raymond,alexaja01,
3,Scott Alexander,29.092,Jun 1,,1,MIL,-0.9,6-3,200,R,R,Mar 1 1993,Windsor CA US,Signed as a Free Agent with the Los Angeles Angels in 2017.,California State University Long Beach (Long Beach CA) Menlo College (Atherton CA),Cardinal Newman HS (Santa Rosa CA),Scott Alexander,alexasc02,
4,Cam Alldred,25.291,May 12,,/1,PIT,0.0,6-3,205,L,L,Jul 25 1996,Batavia OH US,Drafted by the Pittsburgh Pirates in the 24th round of the 2018 amateur draft. Player signed June 12 2018.,University of Cincinnati (Cincinnati OH),,Cameron Mitchell,alldrca01,
5,Nick Allen,23.193,Apr 19,,64/H,OAK,1.0,5-8,166,R,R,Oct 8 1998,San Diego CA US,Drafted by the Oakland Athletics in the 3rd round of the 2017 amateur draft. Player signed June 30 2017.,,Francis Parker HS (San Diego CA),Nicholas Ryan,allenni02,
6,Francisco Álvarez,20.315,Sep 30,,/D2H,NYM,0.0,5-10,233,R,R,Nov 19 2001,Guatire Miranda VE,Signed as a Free Agent with the New York Mets in 2018.,,,Francisco Javier,alvarfr01,
7,Mark Appel,30.349,Jun 29,,/1,PHI,0.3,6-5,220,R,R,Jul 15 1991,Houston TX US,Drafted by the Houston Astros in the 1st round (1st pick) of the 2013 amateur draft. Player signed June 19 2013.,Stanford University (Palo Alto CA),Monte Vista HS (Danville CA),Mark Stewart,appelma01,
8,Jonathan Aranda,24.032,Jun 24,,43/H5D7,TBR,-0.2,5-10,210,L,R,May 23 1998,Tijuana Baja California MX,Signed as a Free Agent with the Tampa Bay Rays in 2015.,,,Jonathan Alexander,arandjo01,
9,Gabriel Arias,22.052,Apr 20,,/5463H,CLE,0.2,6-1,217,R,R,Feb 27 2000,La Victoria Aragua VE,Signed as a Free Agent with the San Diego Padres in 2016.,,,Gabriel Alejandro,ariasga01,
10,Graham Ashcraft,24.100,May 22,,1,CIN,1.1,6-2,240,L,R,Feb 11 1998,Huntsville AL US,Drafted by the Cincinnati Reds in the 6th round of the 2019 amateur draft. Player signed June 9 2019.,Mississippi State University (Mississippi State MS) University of Alabama at Birmingham (Birmingham AL),Huntsville HS (Huntsville AL),Douglas Graham,ashcrgr01,
11,Javier Assad,25.024,Aug 23,,/1,CHC,0.9,6-1,200,R,R,Jul 30 1997,Tijuana Baja California MX,Signed as a Free Agent with the Chicago Cubs in 2015.,,,Javier Eduardo,assadja01,
12,Jose Azocar,25.331,Apr 7,,98H7/D,SDP,0.1,5-11,181,R,R,May 11 1996,Guiria Sucre VE,Signed as a Free Agent with the Detroit Tigers in 2012.,,,Jose Enrique,azocajo01,
13,Ji Hwan Bae,23.059,Sep 23,,/847,PIT,0.5,6-1,185,L,R,Jul 26 1999,Daegu Daegu KR,Signed as a Free Agent with the Atlanta Braves in 2017.,,,Ji Hwan,baeji01,
14,Tanner Banks,30.168,Apr 10,,1,CHW,0.4,6-1,210,R,L,Oct 24 1991,Riverton UT US,Drafted by the Chicago White Sox in the 18th round of the 2014 amateur draft. Player signed June 10 2014.,Salt Lake Community College (Salt Lake City UT) University of Utah (Salt Lake City UT),,Tanner Pierce,banksta01,
15,Rylan Bannon,26.020,May 12,,/5D,BAL,-0.2,5-8,180,R,R,Apr 22 1996,Joliet IL US,Drafted by the Los Angeles Dodgers in the 8th round of the 2017 amateur draft. Player signed June 19 2017.,Xavier University (Cincinnati OH),,Rylan Thomas,bannory01,
16,Luke Barker,30.084,Jun 3,,/1,MIL,-0.1,6-3,230,R,R,Mar 11 1992,Chico CA US,Signed as a Free Agent with the Milwaukee Brewers in 2016.,California State University Chico (Chico CA),,Luke William,barkelu01,
17,Matthew Batten,27.008,Jun 30,,/5H4D17,SDP,-0.1,5-11,180,R,R,Jun 22 1995,Shelton CT US,Drafted by the San Diego Padres in the 32nd round of the 2017 amateur draft. Player signed June 19 2017.,Quinnipiac University (Hamden CT),,Matthew Albert,battema01,
18,Brett Baty,22.277,Aug 17,,5,NYM,-0.3,6-3,210,L,R,Nov 13 1999,Round Rock TX US,Drafted by the New York Mets in the 1st round (12th pick) of the 2019 amateur draft. Player signed June 15 2019.,,Lake Travis HS (Austin TX),Brett Austin,batybr01,
19,Félix Bautista,26.294,Apr 10,,1,BAL,2.6,6-5,190,R,R,Jun 20 1995,Santo Domingo Distrito Nacional DO,Signed as a Free Agent with the Miami Marlins in 2012.,,,Félix Alexander,bautife01,
20,Brayan Bello,23.050,Jul 6,,1,BOS,0.4,6-1,170,R,R,May 17 1999,Samana Samana DO,Signed as a Free Agent with the Boston Red Sox in 2017.,,,Brayan,bellobr01,
21,Will Benson,24.046,Aug 1,,8/H97D,CLE,-0.3,6-5,230,L,L,Jun 16 1998,Atlanta GA US,Drafted by the Cleveland Indians in the 1st round (14th pick) of the 2016 amateur draft. Player signed June 17 2016.,,Westminster HS (Atlanta GA),William Buchanan,bensowi01,
22,Wynton Bernard,31.322,Aug 12,,8/D7H9,COL,0.1,6-2,195,R,R,Sep 24 1990,San Diego CA US,Drafted by the San Diego Padres in the 35th round of the 2012 amateur draft. Player signed June 11 2012.,Niagara University (Lewiston NY) Riverside Community College (Riverside CA),Rancho Bernardo HS (San Diego CA),Wynton Allen,bernawy01,
23,Brennan Bernardino,30.197,Jul 31,,/1,SEA,-0.2,6-4,180,L,L,Jan 15 1992,Valencia CA US,Drafted by the Cincinnati Reds in the 26th round of the 2014 amateur draft. Player signed June 9 2014.,California State University Dominguez Hills (Carson CA),,Brennan Allen,bernabr01,
24,Jake Bird,26.194,Jun 16,,1,COL,0.3,6-3,200,R,R,Dec 4 1995,Newhall CA US,Drafted by the Colorado Rockies in the 5th round of the 2018 amateur draft. Player signed June 10 2018.,University of California Los Angeles (Los Angeles CA),West Ranch HS (Santa Clarita CA),Jacob Timothy,birdja01,
25,Dairon Blanco,29.024,May 20,,/8HD,KCR,0.0,6-0,170,R,R,Apr 26 1993,Florida Camaguey CU,Signed as a Free Agent with the Oakland Athletics in 2017.,,,Dairon,blancda02,
26,Ronel Blanco,28.220,Apr 8,,/1,HOU,-0.2,6-0,180,R,R,Aug 31 1993,Santiago Santiago DO,Signed as a Free Agent with the Houston Astros in 2016.,,,Ronel De Jesus,blancro01,
27,JJ Bleday,24.255,Jul 23,,87/H9,MIA,-0.5,6-3,205,L,L,Nov 10 1997,Danville PA US,Drafted by the Miami Marlins in the 1st round (4th pick) of the 2019 amateur draft. Player signed July 12 2019.,Vanderbilt University (Nashville TN),A. Crawford Mosley HS (Lynn Haven FL),Jeffrey Joseph,bledajj01,
28,Sean Bouchard,26.034,Jun 19,,7/H,COL,0.9,6-3,215,R,R,May 16 1996,San Diego CA US,Drafted by the Colorado Rockies in the 9th round of the 2017 amateur draft. Player signed June 29 2017.,University of California Los Angeles (Los Angeles CA),Cathedral Catholic HS (San Diego CA),Sean Walter Bernard,bouchse01,
29,Kyle Bradish,25.229,Apr 29,,1,BAL,0.4,6-4,220,R,R,Sep 12 1996,Peoria AZ US,Drafted by the Los Angeles Angels in the 4th round of the 2018 amateur draft. Player signed June 15 2018.,New Mexico State University (Las Cruces NM),,Kyle Edward,bradiky01,
30,Matt Brash,23.335,Apr 12,,1,SEA,0.1,6-1,173,R,R,May 12 1998,Kingston ON CA,Drafted by the San Diego Padres in the 4th round of the 2019 amateur draft. Player signed June 10 2019.,Niagara University (Lewiston NY),,Matthew Aurel,brashma01,
31,Huascar Brazoban,32.282,Jul 24,,1,MIA,0.6,6-3,155,R,R,Oct 15 1989,Villa Mella Santo Domingo DO,Signed as a Free Agent with the Colorado Rockies in 2011.,,,Huascar Leandro,brazohu01,
32,Will Brennan,24.231,Sep 21,,/798DH,CLE,0.6,6-0,195,L,L,Feb 2 1998,Colorado Springs CO US,Drafted by the Cleveland Indians in the 8th round of the 2019 amateur draft. Player signed June 14 2019.,Kansas State University (Manhattan KS),,William Daniel,brennwi02,
33,Jonah Bride,26.169,Jun 14,,45/H3D,OAK,0.1,5-10,200,R,R,Dec 27 1995,Milwaukee WI US,Drafted by the Oakland Athletics in the 23rd round of the 2018 amateur draft. Player signed June 18 2018.,Neosho County Community College (Chanute KS) University of South Carolina (Columbia SC),Owasso HS (Owasso OK),Jonah Michael,bridejo01,
34,Beau Brieske,24.018,Apr 23,,1,DET,0.7,6-3,200,R,R,Apr 5 1998,Chandler AZ US,Drafted by the Detroit Tigers in the 27th round of the 2019 amateur draft. Player signed June 14 2019.,Colorado State University-Pueblo (Pueblo CO),,Beau,briesbe01,
35,Hunter Brown,24.007,Sep 5,,/1,HOU,0.9,6-2,212,R,R,Aug 29 1998,Detroit MI US,Drafted by the Houston Astros in the 5th round of the 2019 amateur draft. Player signed June 10 2019.,Wayne State University (Detroit MI),,Hunter Noah,brownhu01,
36,Peyton Burdick,25.160,Aug 5,,78/9H,MIA,-0.1,6-0,205,R,R,Feb 26 1997,Batavia OH US,Drafted by the Miami Marlins in the 3rd round of the 2019 amateur draft. Player signed June 9 2019.,Wright State University (Dayton OH),,Edmund Peyton,burdipe01,
37,Alec Burleson,23.287,Sep 8,,/93D7H,STL,0.0,6-2,212,L,L,Nov 25 1998,Charlotte NC US,Drafted by the St. Louis Cardinals in the 2nd round of the 2020 amateur draft. Player signed June 15 2020.,East Carolina University (Greenville NC),East Lincoln HS (Denver NC),Alec Michael,burleal01,
38,José Butto,24.155,Aug 21,,/1,NYM,-0.3,6-1,202,R,R,Mar 19 1998,Cumana Sucre VE,Signed as a Free Agent with the New York Mets in 2017.,,,José Alejandro,buttojo01,
39,Oswaldo Cabrera,23.169,Aug 17,,9/76345H,NYY,1.9,5-10,200,B,R,Mar 1 1999,Guarenas Miranda VE,Signed as a Free Agent with the New York Yankees in 2015.,,,Oswaldo Alberto,cabreos01,
40,Alex Call,27.287,Jul 11,,/9H87,CLE,0.3,5-11,188,R,R,Sep 27 1994,Burnsville MN US,Drafted by the Chicago White Sox in the 3rd round of the 2016 amateur draft. Player signed June 15 2016.,Ball State University (Muncie IN),River Falls HS (River Falls WI),Alexander Marvin,callal02,
41,Yennier Cano,28.063,May 11,,1,MIN,-0.9,6-4,185,R,R,Mar 9 1994,Ciego de Avila CU,Signed as a Free Agent with the Minnesota Twins in 2019.,,,Yennier,canoye01,
42,Conner Capel,25.039,Jun 27,,/9D7H,STL,0.2,6-1,185,L,L,May 19 1997,Katy TX US,Drafted by the Cleveland Indians in the 5th round of the 2016 amateur draft. Player signed June 21 2016.,,Seven Lakes HS (Katy TX),Michael Conner,capelco01,
43,Vinny Capra,25.298,May 1,,/HD479,TOR,0.1,5-8,175,R,R,Jul 7 1996,Melbourne FL US,Drafted by the Toronto Blue Jays in the 20th round of the 2018 amateur draft. Player signed June 9 2018.,University of Richmond (Richmond VA),,Vincent James,capravi01,
44,Kerry Carpenter,24.342,Aug 10,,D7/9H,DET,0.5,6-2,220,L,R,Sep 2 1997,Eustis FL US,Drafted by the Detroit Tigers in the 19th round of the 2019 amateur draft. Player signed June 11 2019.,Virginia Polytechnic Institute and State University (Blacksburg VA),,Kerry William,carpeke01,
45,Corbin Carroll,22.008,Aug 29,,7/8HD9,ARI,1.2,5-10,165,L,L,Aug 21 2000,Seattle WA US,Drafted by the Arizona Diamondbacks in the 1st round (16th pick) of the 2019 amateur draft. Player signed June 18 2019.,,Lakeside School (Seattle WA),Corbin Franklin,carroco02,
46,Triston Casas,22.232,Sep 4,,3/H,BOS,0.1,6-4,252,L,R,Jan 15 2000,Miami FL US,Drafted by the Boston Red Sox in the 1st round (26th pick) of the 2018 amateur draft. Player signed June 14 2018.,,American Heritage HS (Plantation FL),Triston Ray,casastr01,
47,Diego Castillo,24.161,Apr 7,,649H/35D1,PIT,-0.9,5-11,185,R,R,Oct 28 1997,Barquisimeto Lara VE,Signed as a Free Agent with the New York Yankees in 2014.,,,Diego Alejandro,castidi02,
48,Luis Castillo,27.149,Aug 6,,/1,DET,0.1,6-3,212,R,R,Mar 10 1995,Fantino Sanchez Ramirez DO,Signed as a Free Agent with the Arizona Diamondbacks in 2012.,,,Luis Felipe,castilu03,
49,Max Castillo,23.046,Jun 19,,/1,TOR,-0.5,6-2,280,R,R,May 4 1999,Caracas Distrito Federal VE,Signed as a Free Agent with the Toronto Blue Jays in 2015.,,,Maximo Alberto,castima03,
50,Cade Cavalli,24.012,Aug 26,,/1,WSN,-0.3,6-4,240,R,R,Aug 14 1998,Tulsa OK US,Drafted by the Washington Nationals in the 1st round (22nd pick) of the 2020 amateur draft. Player signed June 19 2020.,University of Oklahoma (Norman OK),Bixby HS (Bixby OK),Steven Cade,cavalca01,
51,Kody Clemens,26.016,May 31,,5H3/47D1,DET,-0.2,6-1,200,L,R,May 15 1996,Hornell TX US,Drafted by the Detroit Tigers in the 3rd round of the 2018 amateur draft. Player signed June 25 2018.,University of Texas at Austin (Austin TX),Memorial HS (Houston TX),Kody Alec,clemeko01,
52,Mark Contreras,27.107,May 11,,8/9H7,MIN,0.0,6-0,195,L,R,Jan 24 1995,Moreno Valley CA US,Drafted by the Minnesota Twins in the 9th round of the 2017 amateur draft. Player signed June 16 2017.,University of California Riverside (Riverside CA),,Mark Anthony,contrma01,
53,Narciso Crook,26.353,Jun 30,,/H98,CHC,-0.2,6-3,220,R,R,Jul 12 1995,Nagua Maria Trinidad Sanchez DO,Drafted by the Cincinnati Reds in the 23rd round of the 2013 amateur draft. Player signed July 5 2013.,Rowan College of South Jersey-Gloucester (Sewell NJ),Trenton HS (Trenton NJ),Narciso,crookna01,
54,Fernando Cruz,32.158,Sep 2,,1,CIN,0.8,6-2,205,B,R,Mar 28 1990,Bayamon PR,Drafted by the Kansas City Royals in the 6th round of the 2007 amateur draft.,,Puerto Rico Advance College HS (Bayamon Puerto Rico),Fernando E.,cruzfe01,
55,Jose Cuas,27.337,May 31,,1,KCR,0.4,6-3,195,R,R,Jun 28 1994,Santo Domingo Distrito Nacional DO,Drafted by the Milwaukee Brewers in the 11th round of the 2015 amateur draft. Player signed June 12 2015.,University of Maryland (College Park MD),Grand Street Campus HS (Brooklyn NY),Jose Luis,cuasjo01,
56,Xzavion Curry,24.019,Aug 15,,/1,CLE,-0.2,5-11,190,R,R,Jul 27 1998,Orangeburg SC US,Drafted by the Cleveland Indians in the 7th round of the 2019 amateur draft. Player signed June 14 2019.,Georgia Institute of Technology (Atlanta GA),,Xzavion Rashan,curryxz01,
57,Tyler Cyr,29.108,Aug 21,,/1,PHI,0.3,6-1,205,R,R,May 5 1993,Fremont CA US,Drafted by the San Francisco Giants in the 10th round of the 2015 amateur draft. Player signed June 15 2015.,Embry-Riddle Aeronautical University (Daytona Beach FL),,Tyler O'Neil,cyrty01,
58,Brendon Davis,25.065,Oct 1,,/95,DET,-0.1,6-4,185,R,R,Jul 28 1997,Lakewood CA US,Drafted by the Los Angeles Dodgers in the 5th round of the 2015 amateur draft. Player signed June 19 2015.,,Lakewood HS (Lakewood CA),Brendon,davisbr04,
59,Noah Davis,25.166,Oct 5,,/1,COL,-0.1,6-2,195,R,R,Apr 22 1997,Newport Beach CA US,Drafted by the Cincinnati Reds in the 11th round of the 2018 amateur draft. Player signed July 2 2018.,University of California Santa Barbara (Santa Barbara CA),Huntington Beach HS (Huntington Beach CA),Noah D.,davisno01,
60,Angel De Jesus,25.069,Apr 23,,/1,DET,0.2,6-4,200,R,R,Feb 13 1997,Samana Samana DO,Signed as a Free Agent with the Detroit Tigers in 2016.,,,Angel,dejesan01,
61,Yerry De Los Santos,24.164,May 25,,1,PIT,-0.5,6-2,215,R,R,Dec 12 1997,Samana Samana DO,Signed as a Free Agent with the Pittsburgh Pirates in 2014.,,,Yerry Paulino,delosye01,
62,Jason Delay,27.099,Jun 14,,2,PIT,-0.4,5-11,200,R,R,Mar 7 1995,Plano TX US,Drafted by the Pittsburgh Pirates in the 4th round of the 2017 amateur draft. Player signed June 19 2017.,Vanderbilt University (Nashville TN),Northview HS (Duluth GA),Jason Thomas,delayja01,
63,Ben DeLuzio,28.024,Sep 2,,8/HD,STL,0.2,6-3,200,R,R,Aug 9 1994,St. Louis MO US,Signed as a Free Agent with the Arizona Diamondbacks in 2016.,Florida State University (Tallahassee FL),The First Academy (Orlando FL),Benjamin Amadeo,deluzbe01,
64,Alexis Diaz,25.192,Apr 8,,1,CIN,3.1,6-2,224,R,R,Sep 28 1996,Humacao PR,Drafted by the Cincinnati Reds in the 12th round of the 2015 amateur draft. Player signed June 23 2015.,,Juan Jose Maunez HS (Puerto Rico),Alexis Omar,diazal03,
65,Jordan Diaz,22.036,Sep 18,,4/D3,OAK,0.1,5-10,175,R,R,Aug 13 2000,Monteria Cordoba CO,Signed as a Free Agent with the Oakland Athletics in 2016.,,,Jordan David,diazjo03,
66,Yainer Diaz,23.346,Sep 2,,/D2H,HOU,-0.1,6-0,195,R,R,Sep 21 1998,Azua Azua DO,Signed as a Free Agent with the Cleveland Indians in 2016.,,,Yainer Radhames,diazya02,
67,Yusniel Diaz,25.299,Aug 2,,/H9,BAL,0.0,6-1,215,R,R,Oct 7 1996,La Habana La Habana CU,Signed as a Free Agent with the Los Angeles Dodgers in 2015.,,,Yusniel Efrain,diazyu01,
68,Brendan Donovan,25.099,Apr 25,,45973DH/6,STL,4.1,6-1,195,L,R,Jan 16 1997,Wurzburg Bavaria DE,Drafted by the St. Louis Cardinals in the 7th round of the 2018 amateur draft. Player signed June 11 2018.,University of South Alabama (Mobile AL),,Brendan Michael,donovbr01,
69,Jeter Downs,23.330,Jun 22,,/45H6D,BOS,-0.6,5-11,195,R,R,Jul 27 1998,San Andres San Andres y Providencia CO,Drafted by the Cincinnati Reds in the 1st round (32nd pick) of the 2017 amateur draft. Player signed June 19 2017.,,Monsignor Edward Pace HS (Miami Gardens FL),Jeter Deion,downsje01,
70,Daniel Duarte,25.125,Apr 8,,/1,CIN,-0.1,6-0,170,R,R,Dec 4 1996,Huatabampo Sonora MX,Signed as a Free Agent with the Texas Rangers in 2013.,,,Daniel Francisco,duartda01,
71,Joe Dunand,26.229,May 7,,/45,MIA,0.2,6-2,205,R,R,Sep 20 1995,Miami FL US,Drafted by the Miami Marlins in the 2nd round of the 2017 amateur draft. Player signed June 22 2017.,North Carolina State University (Raleigh NC),Gulliver Prep (Miami FL),Joseph Alexander,dunanjo01,
72,Ezequiel Duran,23.013,Jun 4,,5/4HD,TEX,0.2,5-11,185,R,R,May 22 1999,San Juan de la Maguana San Juan DO,Signed as a Free Agent with the New York Yankees in 2017.,,,Ezequiel Alberto,duranez01,
73,Jhoan Duran,24.090,Apr 8,,1,MIN,2.8,6-5,230,R,R,Jan 8 1998,Esperanza Valverde DO,Signed as a Free Agent with the Arizona Diamondbacks in 2014.,,,Jhoan Manuel,duranjh01,
74,Nick Duron,26.164,Jul 13,,/1,PHI,0.0,6-4,190,R,R,Jan 30 1996,Salinas CA US,Drafted by the Boston Red Sox in the 31st round of the 2015 amateur draft. Player signed June 21 2015.,Clark College (Vancouver WA),Tigard HS (Tigard OR),Nicholas Gregory,duronni01,
75,Nate Eaton,25.204,Jul 14,,95H/78,KCR,0.9,5-11,185,R,R,Dec 22 1996,Chester VA US,Drafted by the Kansas City Royals in the 21st round of the 2018 amateur draft. Player signed June 10 2018.,Virginia Military Institute (Lexington VA),,Nathan Wyatt,eatonna01,
76,Bryce Elder,22.328,Apr 12,,1,ATL,1.0,6-2,220,R,R,May 19 1999,Decatur TX US,Drafted by the Atlanta Braves in the 5th round of the 2020 amateur draft. Player signed June 19 2020.,University of Texas at Austin (Austin TX),,Bryce Cason,elderbr01,
77,Jerar Encarnacion,24.240,Jun 19,,79/DH,MIA,-0.1,6-4,250,R,R,Oct 22 1997,Bayaguana Monte Plata DO,Signed as a Free Agent with the Miami Marlins in 2015.,,,Jerar Luis,encarje01,
78,Anderson Espinoza,24.082,May 30,,/1,CHC,0.0,6-0,208,R,R,Mar 9 1998,Caracas Distrito Federal VE,Signed as a Free Agent with the Boston Red Sox in 2014.,,,Anderson Jose,espinan01,
79,Jeremiah Estrada,23.302,Aug 30,,/1,CHC,0.1,6-1,185,B,R,Nov 1 1998,Rancho Mirage CA US,Drafted by the Chicago Cubs in the 6th round of the 2017 amateur draft. Player signed July 7 2017.,,Palm Desert HS (Palm Desert CA),Jeremiah Ramiro,estraje01,
80,Alex Faedo,26.173,May 4,,1,DET,-0.5,6-5,225,R,R,Nov 12 1995,Tampa FL US,Drafted by the Detroit Tigers in the 1st round (18th pick) of the 2017 amateur draft. Player signed July 4 2017.,University of Florida (Gainesville FL),Braulio Alonso HS (Tampa FL),Alexander Michael,faedoal01,
81,Calvin Faucher,26.229,May 9,,1,TBR,-0.4,6-1,190,R,R,Sep 22 1995,Chula Vista CA US,Drafted by the Minnesota Twins in the 10th round of the 2017 amateur draft. Player signed June 17 2017.,University of California Irvine (Irvine CA),,Calvin Louis,fauchca01,
82,Freddy Fermin,27.060,Jul 15,,/2,KCR,-0.2,5-10,200,R,R,May 16 1995,Puerto Ordaz Bolivar VE,Signed as a Free Agent with the Kansas City Royals in 2015.,,,Freddy Antonio,fermifr01,
83,Nate Fisher,26.085,Aug 21,,/1,NYM,0.1,6-1,205,L,L,May 28 1996,Omaha NE US,Signed as a Free Agent with the Seattle Mariners in 2019.,University of Nebraska-Lincoln (Lincoln NE),Yutan HS (Yutan NE),Nathan Charles,fishena01,
84,Jake Fishman,27.173,Jul 31,,/1,MIA,0.1,6-3,195,L,L,Feb 8 1995,Sharon MA US,Drafted by the Toronto Blue Jays in the 30th round of the 2016 amateur draft. Player signed June 14 2016.,Union College (Schenectady NY),Sharon HS (Sharon MA),Jake Layton,fishmja01,
85,Lucius Fox,24.282,Apr 10,,/65H,WSN,-0.7,6-1,192,B,R,Jul 2 1997,Nassau New Providence BS,Signed as a Free Agent with the San Francisco Giants in 2015.,,American Heritage HS (Delray Beach FL),Lucius Kadeem,foxlu01,
86,Bowden Francis,26.005,Apr 27,,/1,TOR,0.0,6-5,225,R,R,Apr 22 1996,Tallahassee FL US,Drafted by the Milwaukee Brewers in the 7th round of the 2017 amateur draft. Player signed June 21 2017.,Chipola College (Marianna FL),,Robert Bowden,francbo01,
87,Tyler Freeman,23.074,Aug 3,,5/64HD,CLE,-0.3,6-0,190,R,R,May 21 1999,Rancho Cucamonga CA US,Drafted by the Cleveland Indians in the 2nd round of the 2017 amateur draft. Player signed June 28 2017.,,Etiwanda HS (Rancho Cucamonga CA),Tyler Andrew,freemty01,
88,Hunter Gaddis,24.118,Aug 5,,/1,CLE,-0.7,6-5,260,R,R,Apr 9 1998,Canton GA US,Drafted by the Cleveland Indians in the 5th round of the 2019 amateur draft. Player signed June 14 2019.,Georgia State University (Atlanta GA),,Hunter Reid,gaddihu01,
89,Matt Gage,29.115,Jun 6,,1,TOR,0.4,6-3,265,L,L,Feb 11 1993,Johnstown NY US,Drafted by the San Francisco Giants in the 10th round of the 2014 amateur draft. Player signed July 12 2014.,Siena College (Loudonville NY),Broadalbin-Perth HS (Broadalbin NY),Matthew Robert,gagema01,
90,Dermis Garcia,24.186,Jul 12,,3/HD7,OAK,0.4,6-3,200,R,R,Jan 7 1998,Santo Domingo Distrito Nacional DO,Signed as a Free Agent with the New York Yankees in 2014.,,,Dermis,garcide02,
91,Maikel Garcia,22.134,Jul 15,,/6H,KCR,-0.1,6-0,145,R,R,Mar 3 2000,La Sabana Vargas VE,Signed as a Free Agent with the Kansas City Royals in 2016.,,,Maikel Jose,garcima01,
92,Stone Garrett,26.268,Aug 17,,7/DH,ARI,0.5,6-2,195,R,R,Nov 22 1995,Sugar Land TX US,Drafted by the Miami Marlins in the 8th round of the 2014 amateur draft. Player signed June 7 2014.,,George Ranch HS (Richmond TX),Gregory Stone,garrest01,
93,Franklin German,24.360,Sep 17,,/1,BOS,-0.3,6-2,195,R,R,Sep 22 1997,Queens NY US,Drafted by the New York Yankees in the 4th round of the 2018 amateur draft. Player signed June 6 2016.,University of North Florida (Jacksonville FL),,Franklin Adolfo,germafr02,
94,Logan Gillaspie,25.030,May 17,,1,BAL,0.1,6-2,220,R,R,Apr 17 1997,Bakersfield CA US,Signed as a Free Agent with the Milwaukee Brewers in 2018.,Oxnard College (Oxnard CA),,Logan Craig,gillalo01,
95,Oscar Gonzalez,24.136,May 26,,9/DH,CLE,2.1,6-4,240,R,R,Jan 10 1998,Sabana Grande de Palenque San Cristobal DO,Signed as a Free Agent with the Cleveland Indians in 2014.,,,Oscar Luis,gonzaos01,
96,MacKenzie Gore,23.050,Apr 15,,1,SDP,0.2,6-2,197,L,L,Feb 24 1999,Wilmington NC US,Drafted by the San Diego Padres in the 1st round (3rd pick) of the 2017 amateur draft. Player signed June 24 2017.,,Whiteville HS (Whiteville NC),MacKenzie Evan,gorema01,
97,Nolan Gorman,22.010,May 20,,4DH/7,STL,0.7,6-1,210,L,R,May 10 2000,Phoenix AZ US,Drafted by the St. Louis Cardinals in the 1st round (19th pick) of the 2018 amateur draft. Player signed June 11 2018.,,Sandra Day O'Connor HS (Phoenix AZ),Nolan Brian,gormano01,
98,Hunter Greene,22.247,Apr 10,,1,CIN,2.3,6-5,230,R,R,Aug 6 1999,Los Angeles CA US,Drafted by the Cincinnati Reds in the 1st round (2nd pick) of the 2017 amateur draft. Player signed July 7 2017.,,Notre Dame HS (Sherman Oaks CA),Christian Hunter,greenhu01,
99,Riley Greene,21.263,Jun 18,,8,DET,1.4,6-3,200,L,L,Sep 28 2000,Orlando FL US,Drafted by the Detroit Tigers in the 1st round (5th pick) of the 2019 amateur draft. Player signed June 5 2019.,,Paul J. Hagerty HS (Oviedo FL),Riley,greenri03,
100,Vaughn Grissom,21.217,Aug 10,,4/6,ATL,0.8,6-3,210,R,R,Jan 5 2001,Orlando FL US,Drafted by the Atlanta Braves in the 11th round of the 2019 amateur draft. Player signed June 14 2019.,,Paul J. Hagerty HS (Oviedo FL),Vaughn Anthony,grissva01,
101,Jordan Groshans,22.307,Sep 13,,5,MIA,-0.1,6-3,205,R,R,Nov 10 1999,Magnolia TX US,Drafted by the Toronto Blue Jays in the 1st round (12th pick) of the 2018 amateur draft. Player signed June 12 2018.,,Magnolia HS (Magnolia TX),Jordan Lee,groshjo01,
102,Michael Grove,25.148,May 15,,/1,LAD,-0.5,6-3,200,R,R,Dec 18 1996,Wheeling WV US,Drafted by the Los Angeles Dodgers in the 2nd round of the 2018 amateur draft. Player signed July 5 2018.,West Virginia University (Morgantown WV),Wheeling Park HS (Wheeling WV),Michael,grovemi01,
103,Dalton Guthrie,26.257,Sep 6,,9/H45,PHI,0.4,5-11,160,R,R,Dec 23 1995,Sarasota FL US,Drafted by the Philadelphia Phillies in the 6th round of the 2017 amateur draft. Player signed July 6 2017.,University of Florida (Gainesville FL),Venice HS (Venice FL),Dalton James,guthrda01,
104,Darick Hall,26.339,Jun 29,,D/3H1,PHI,0.4,6-4,232,L,R,Jul 25 1995,Hereford AZ US,Drafted by the Philadelphia Phillies in the 14th round of the 2016 amateur draft. Player signed June 15 2016.,Cochise College (Douglas AZ) Dallas Baptist University (Dallas TX),Buena HS (Sierra Vista AZ),Darick,hallda02,
105,DL Hall,23.328,Aug 13,,1,BAL,-0.2,6-2,195,L,L,Sep 19 1998,Valdosta GA US,Drafted by the Baltimore Orioles in the 1st round (21st pick) of the 2017 amateur draft. Player signed June 30 2017.,,Valdosta HS (Valdosta GA),Dayton Lane,halldl01,
106,Caleb Hamilton,27.162,Jul 17,,2/H3D,MIN,-0.3,6-0,185,R,R,Feb 5 1995,Woodinville WA US,Drafted by the Minnesota Twins in the 23rd round of the 2016 amateur draft. Player signed June 18 2016.,Oregon State University (Corvallis OR),Woodinville HS (Woodinville WA),Caleb Broderick,hamilca01,
107,Michael Harris,21.082,May 28,,*8,ATL,5.3,6-0,195,L,L,Mar 7 2001,DeKalb GA US,Drafted by the Atlanta Braves in the 3rd round of the 2019 amateur draft. Player signed June 7 2019.,,Stockbridge HS (Stockbridge GA),Michael Machion,harrimi04,
108,Gunnar Henderson,21.063,Aug 31,,5/6DH4,BAL,0.9,6-2,210,L,R,Jun 29 2001,Montgomery AL US,Drafted by the Baltimore Orioles in the 2nd round of the 2019 amateur draft. Player signed June 25 2019.,,John T. Morgan Academy (Selma AL),Gunnar Randal,hendegu01,
109,Ronny Henriquez,22.091,Sep 19,,/1,MIN,0.2,5-10,155,R,R,Jun 20 2000,Bonao Monsenor Nouel DO,Signed as a Free Agent with the Texas Rangers in 2017.,,,Ronny,henriro01,
110,Tommy Henry,25.005,Aug 3,,/1,ARI,-0.2,6-3,205,L,L,Jul 29 1997,Portage MI US,Drafted by the Arizona Diamondbacks in the 2nd round of the 2019 amateur draft. Player signed July 2 2019.,University of Michigan (Ann Arbor MI),Portage Northern HS (Portage MI),Thomas Jack,henryto01,
111,David Hensley,26.152,Aug 27,,/D45H67,HOU,0.3,6-6,190,R,R,Mar 28 1996,San Diego CA US,Drafted by the Houston Astros in the 26th round of the 2018 amateur draft. Player signed June 13 2018.,San Diego State University (San Diego CA),,David James,henslda01,
112,Kevin Herget,31.163,Sep 13,,/1,TBR,-0.1,5-10,185,L,R,Apr 3 1991,Teaneck NJ US,Drafted by the St. Louis Cardinals in the 39th round of the 2013 amateur draft. Player signed June 12 2013.,Kean University (Union NJ),Park Ridge HS (Park Ridge NJ),Kevin R.,hergeke01,
113,Elier Hernandez,27.235,Jul 14,,/7DH39,TEX,-0.4,6-3,197,R,R,Nov 21 1994,San Cristobal San Cristobal DO,Signed as a Free Agent with the Kansas City Royals in 2011.,,,Elier,hernael02,
114,Ivan Herrera,21.357,May 24,,2,STL,-0.3,5-11,220,R,R,Jun 1 2000,Panama Panama PA,Signed as a Free Agent with the St. Louis Cardinals in 2016.,,,Ivan Aaron,herreiv01,
115,Jose Herrera,25.044,Apr 9,,2/DH,ARI,-0.3,5-10,217,B,R,Feb 24 1997,San Carlos Cojedes VE,Signed as a Free Agent with the Arizona Diamondbacks in 2013.,,,Jose Gregorio,herrejo04,
116,Brewer Hicklen,26.106,May 26,,/H798,KCR,-0.1,6-2,208,R,R,Feb 9 1996,Huntsville AL US,Drafted by the Kansas City Royals in the 7th round of the 2017 amateur draft. Player signed June 17 2017.,University of Alabama at Birmingham (Birmingham AL),Huntsville HS (Huntsville AL),Charles Brewer,hicklbr01,
117,Garrett Hill,26.169,Jul 4,,1,DET,0.4,6-0,185,R,R,Jan 16 1996,Petaluma CA US,Drafted by the Detroit Tigers in the 26th round of the 2018 amateur draft. Player signed June 12 2018.,San Diego State University (San Diego CA),,Garrett David,hillga02,
118,Sean Hjelle,24.364,May 6,,/1,SFG,-0.4,6-11,228,R,R,May 7 1997,Fridley MN US,Drafted by the San Francisco Giants in the 2nd round of the 2018 amateur draft. Player signed June 15 2018.,University of Kentucky (Lexington KY),Mahtomedi HS (Mahtomedi MN),Sean Anthony,hjellse01,
119,Bryan Hoeing,25.305,Aug 20,,/1,MIA,-0.8,6-6,210,R,R,Oct 19 1996,Batesville IN US,Drafted by the Miami Marlins in the 7th round of the 2019 amateur draft. Player signed July 5 2019.,University of Louisville (Louisville KY),Batesville HS (Batesville IN),Bryan Jerome,hoeinbr01,
120,Colin Holderman,26.219,May 15,,1,NYM,0.3,6-7,225,R,R,Oct 8 1995,Bourbonnais IL US,Drafted by the New York Mets in the 9th round of the 2016 amateur draft. Player signed June 13 2016.,Heartland Community College (Normal IL) Southern Illinois University Carbondale (Carbondale IL),Bradley Bourbonnais HS (Bourbonnais IL),Colin Scott,holdeco01,
121,Gavin Hollowell,24.319,Sep 19,,/1,COL,-0.2,6-7,215,R,R,Nov 4 1997,Somerset NJ US,Drafted by the Colorado Rockies in the 6th round of the 2019 amateur draft. Player signed June 10 2019.,St. John's University (Queens NY),Montgomery HS (Skillman NJ),Gavin Ernest,holloga01,
122,Tyler Holton,25.319,Apr 28,,1,ARI,0.1,6-2,200,L,L,Jun 13 1996,Tallahassee FL US,Drafted by the Arizona Diamondbacks in the 9th round of the 2018 amateur draft. Player signed June 13 2018.,Florida State University (Tallahassee FL),Lincoln HS (Tallahassee FL),Weston Tyler,holtoty01,
123,Brandon Hughes,26.167,May 17,,1,CHC,1.4,6-2,215,B,L,Dec 1 1995,Royal Oak MI US,Drafted by the Chicago Cubs in the 16th round of the 2017 amateur draft. Player signed June 27 2017.,Michigan State University (East Lansing MI),Stevenson HS (Sterling Heights MI),Brandon Kenneth,hughebr01,
124,Cooper Hummel,27.130,Apr 7,,7H2D/9,ARI,-0.3,5-10,198,B,R,Nov 28 1994,Portland OR US,Drafted by the Milwaukee Brewers in the 18th round of the 2016 amateur draft. Player signed June 13 2016.,University of Portland (Portland OR),,Cooper Everett,hummeco01,
125,Zach Jackson,27.105,Apr 9,,1,OAK,1.0,6-4,230,R,R,Dec 25 1994,Tulsa OK US,Drafted by the Toronto Blue Jays in the 3rd round of the 2016 amateur draft. Player signed June 20 2016.,University of Arkansas (Fayetteville AR),Berryhill HS (Tulsa OK),Zachary Garrett,jacksza02,
126,Drey Jameson,25.029,Sep 15,,/1,ARI,1.3,6-0,165,R,R,Aug 17 1997,Greenfield IN US,Drafted by the Arizona Diamondbacks in the 1st round (34th pick) of the 2019 amateur draft. Player signed June 15 2019.,Ball State University (Muncie IN),,Drey Matthew,jamesdr01,
127,Bryce Johnson,26.280,Aug 3,,/897H,SFG,-0.3,6-1,195,B,R,Oct 27 1995,Cypress TX US,Drafted by the San Francisco Giants in the 6th round of the 2017 amateur draft. Player signed June 20 2017.,Sam Houston State University (Huntsville TX),Cypress Ranch HS (Cypress TX),Bryce Christopher,johnsbr03,
128,Nolan Jones,24.062,Jul 8,,9/DH,CLE,0.1,6-4,195,L,R,May 7 1998,Langhorne PA US,Drafted by the Cleveland Indians in the 2nd round of the 2016 amateur draft. Player signed July 1 2016.,,Holy Ghost Prep HS (Philadelphia PA),Nolan Allen,jonesno01,
129,Josh Jung,24.209,Sep 9,,5/D,TEX,-0.1,6-2,214,R,R,Feb 12 1998,San Antonio TX US,Drafted by the Texas Rangers in the 1st round (8th pick) of the 2019 amateur draft. Player signed July 3 2019.,Texas Tech University (Lubbock TX),MacArthur HS (San Antonio TX),Joshua Ryne,jungjo01,
130,Gosuke Katoh,27.183,Apr 9,,/3H4D,TOR,0.1,6-1,197,L,R,Oct 8 1994,Mountain View CA US,Drafted by the New York Yankees in the 2nd round of the 2013 amateur draft. Player signed June 19 2013.,,Rancho Bernardo HS (San Diego CA),Gosuke John,katohgo01,
131,Michael Kelly,29.283,Jun 16,,/1,PHI,0.1,6-4,185,R,R,Sep 6 1992,Boynton Beach FL US,Drafted by the San Diego Padres in the 1st round (48th pick) of the 2011 amateur draft. Player signed August 15 2011.,,West Boca Raton Community HS (Boca Raton FL),Michael Joseph,kellymi03,
132,Zack Kelly,27.179,Aug 29,,1,BOS,0.2,6-3,205,R,R,Mar 3 1995,Roanoke VA US,Signed as a Free Agent with the Oakland Athletics in 2017.,Newberry College (Newberry SC),,Zachery Reed,kellyza01,
133,Buddy Kennedy,23.255,Jun 17,,4/HD5,ARI,0.0,6-1,190,R,R,Oct 5 1998,Millville NJ US,Drafted by the Arizona Diamondbacks in the 5th round of the 2017 amateur draft. Player signed June 23 2017.,,Millville Senior HS (Millville NJ),Clifton Lewis,kennebu01,
134,Ray Kerr,27.226,Apr 24,,/1,SDP,-0.1,6-3,185,L,L,Sep 10 1994,Sacramento CA US,Signed as a Free Agent with the Seattle Mariners in 2017.,Lassen College (Susanville CA),,Raymond Alexander,kerrra01,
135,Caleb Kilian,25.002,Jun 4,,/1,CHC,-0.6,6-4,180,R,R,Jun 2 1997,Anaheim CA US,Drafted by the San Francisco Giants in the 8th round of the 2019 amateur draft. Player signed June 29 2019.,Texas Tech University (Lubbock TX),Flower Mound HS (Flower Mound TX),Caleb John,kiliaca01,
136,George Kirby,24.093,May 8,,1,SEA,1.4,6-4,215,R,R,Feb 4 1998,Rye NY US,Drafted by the Seattle Mariners in the 1st round (20th pick) of the 2019 amateur draft. Player signed June 13 2019.,Elon University (Elon NC),Rye HS (Rye NY),George Joseph,kirbyge01,
137,Jared Koenig,28.135,Jun 8,,1,OAK,-0.1,6-5,235,R,L,Jan 24 1994,San Jose CA US,Signed as a Free Agent with the Oakland Athletics in 2020.,California State University Monterey Bay (Seaside CA) Central Arizona College (Coolidge AZ) Old Dominion University (Norfolk VA),,Jared Tyler,koenija01,
138,Mark Kolozsvary,26.228,Apr 20,,/2H,CIN,0.1,5-8,180,R,R,Sep 4 1995,Eustis FL US,Drafted by the Cincinnati Reds in the 7th round of the 2017 amateur draft. Player signed July 4 2017.,University of Florida (Gainesville FL),Tavares HS (Tavares FL),Mark Daniel,kolozma01,
139,Ryan Kreidler,24.294,Sep 2,,56/H48,DET,0.4,6-4,208,R,R,Nov 12 1997,Davis CA US,Drafted by the Detroit Tigers in the 4th round of the 2019 amateur draft. Player signed June 19 2019.,University of California Los Angeles (Los Angeles CA),Davis HS (Davis CA),Ryan,kreidry01,
140,Jason Krizan,32.305,Apr 29,,/7,SFG,0.0,6-0,185,L,R,Jun 28 1989,Austin TX US,Drafted by the Detroit Tigers in the 8th round of the 2011 amateur draft. Player signed June 18 2011.,Dallas Baptist University (Dallas TX),Pflugerville HS (Pflugerville TX),Jason William,krizaja01,
141,Steven Kwan,24.214,Apr 7,,*79/8HD,CLE,5.5,5-9,170,L,L,Sep 5 1997,Los Gatos CA US,Drafted by the Cleveland Indians in the 5th round of the 2018 amateur draft. Player signed July 3 2018.,Oregon State University (Corvallis OR),Washington HS (Fremont CA),Steven Robert,kwanst01,
142,A.J. Ladwig,29.232,Aug 13,,/1,MIA,-0.2,6-5,220,R,R,Dec 24 1992,Omaha NE US,Drafted by the Detroit Tigers in the 11th round of the 2014 amateur draft. Player signed June 14 2014.,Wichita State University (Wichita KS),Millard West HS (Omaha NE),Adam Joseph,ladwiaj01,
143,Shea Langeliers,24.271,Aug 16,,D2,OAK,0.1,6-0,205,R,R,Nov 18 1997,Portland OR US,Drafted by the Atlanta Braves in the 1st round (9th pick) of the 2019 amateur draft. Player signed June 12 2019.,Baylor University (Waco TX),Keller HS (Keller TX),Shea Ryan,langesh01,
144,Jack Larsen,27.199,Jul 31,,/9,SEA,0.0,6-1,195,L,L,Jan 13 1995,Newport Beach CA US,Signed as a Free Agent with the Seattle Mariners in 2017.,University of California San Diego (La Jolla CA),,Jack Harter,larseja01,
145,Bryan Lavastida,23.134,Apr 10,,/2,CLE,-0.1,6-0,200,R,R,Nov 27 1998,Hialeah FL US,Drafted by the Cleveland Indians in the 15th round of the 2018 amateur draft. Player signed June 7 2018.,Hillsborough Community College (Tampa FL),Westland HS (Hialeah FL),Bryan,lavasbr01,
146,Charles Leblanc,26.057,Jul 30,,45/3HD,MIA,0.7,6-3,195,R,R,Jun 3 1996,Laval QC CA,Drafted by the Texas Rangers in the 4th round of the 2016 amateur draft. Player signed June 15 2016.,University of Pittsburgh (Pittsburgh PA),École Secondaire Georges-Vanier (Laval QC),Charles,leblach01,
147,Evan Lee,24.348,Jun 1,,/1,WSN,0.0,6-1,210,L,L,Jun 18 1997,Bryant AR US,Drafted by WAS (NL) in the 15th round of the 2018 amateur draft. Player signed July 2 2018.,University of Arkansas (Fayetteville AR),,Evan Hankins,leeev01,
148,Korey Lee,23.341,Jul 1,,2/H,HOU,-0.5,6-2,210,R,R,Jul 25 1998,Escondido CA US,Drafted by the Houston Astros in the 1st round (32nd pick) of the 2019 amateur draft. Player signed June 12 2019.,University of California Berkeley (Berkeley CA),,Korey Bryan,leeko01,
149,Jacob Lemoine,28.131,Apr 8,,/1,OAK,-0.5,6-5,220,R,R,Nov 28 1993,Houston TX US,Drafted by the Texas Rangers in the 4th round of the 2015 amateur draft. Player signed June 12 2015.,University of Houston (Houston TX),Bridge City HS (Bridge City TX),Jacob Alan,lemoija01,
150,Josh Lester,28.050,Sep 5,,/5DH,DET,-0.1,6-3,180,L,R,Jul 17 1994,Columbus GA US,Drafted by the Detroit Tigers in the 13th round of the 2015 amateur draft. Player signed June 15 2015.,University of Missouri (Columbia MO),Columbus HS (Columbus GA),Joshua Benjamin,lestejo02,
151,Royce Lewis,22.335,May 6,,6/8,MIN,0.3,6-2,200,R,R,Jun 5 1999,Aliso Viejo CA US,Drafted by the Minnesota Twins in the 1st round (1st pick) of the 2017 amateur draft. Player signed June 17 2017.,,JSerra Catholic HS (San Juan Capistrano CA),Royce Oliver,lewisro02,
152,Luis Liberato,26.266,Sep 10,,/HD879,SDP,-0.2,6-1,175,L,L,Dec 18 1995,La Canela Santiago DO,Signed as a Free Agent with the Seattle Mariners in 2012.,,,Luis David,liberlu01,
153,Matthew Liberatore,22.196,May 21,,/1,STL,-0.5,6-4,200,L,L,Nov 6 1999,Peoria AZ US,Drafted by the Tampa Bay Rays in the 1st round (16th pick) of the 2018 amateur draft. Player signed June 12 2018.,,Mountain Ridge HS (Glendale AZ),Matthew Joseph,liberma01,
154,Brendon Little,26.019,Aug 30,,/1,CHC,-0.3,6-2,195,L,L,Aug 11 1996,Bryn Mawr PA US,Drafted by the Chicago Cubs in the 1st round (27th pick) of the 2017 amateur draft. Player signed June 21 2017.,State College of Florida Manatee-Sarasota (Bradenton FL) University of North Carolina at Chapel Hill (Chapel Hill NC),Conestoga HS (Berwyn PA),Brendon David,littlbr02,
155,Nick Lodolo,24.067,Apr 13,,1,CIN,2.8,6-6,205,L,L,Feb 5 1998,La Verne CA US,Drafted by the Cincinnati Reds in the 1st round (7th pick) of the 2019 amateur draft. Player signed June 11 2019.,Texas Christian University (Fort Worth TX),Damien HS (La Verne CA),Nicholas Frank,lodolni01,
156,Zach Logue,25.361,Apr 19,,1,OAK,-1.1,6-0,165,L,L,Apr 23 1996,Mason OH US,Drafted by the Toronto Blue Jays in the 9th round of the 2017 amateur draft. Player signed June 19 2017.,University of Kentucky (Lexington KY),Archbishop Moeller HS (Cincinnati OH),Zach Michael,logueza01,
157,Christian Lopes,29.201,Apr 20,,/4HD79,OAK,-0.2,6-0,211,R,R,Oct 1 1992,Huntington Beach CA US,Drafted by the Toronto Blue Jays in the 7th round of the 2011 amateur draft. Player signed August 15 2011.,,Edison HS (Huntington Beach CA),Christian Michael,lopesch01,
158,David MacKinnon,27.185,Jun 18,,/3H5,LAA,-0.4,6-2,200,R,R,Dec 15 1994,Easton MA US,Drafted by the Los Angeles Angels in the 32nd round of the 2017 amateur draft. Player signed June 17 2017.,University of Hartford (West Hartford CT),,David C.,mackida01,
159,Bligh Madris,26.000,Jun 20,,9/37HD8,PIT,-1.0,6-0,208,L,R,Feb 29 1996,Las Vegas NV US,Drafted by the Pittsburgh Pirates in the 9th round of the 2017 amateur draft. Player signed June 19 2017.,Colorado Mesa University (Grand Junction CO),,Bligh John,madribl01,
160,Ron Marinaccio,26.282,Apr 9,,1,NYY,1.2,6-2,205,R,R,Jul 1 1995,Toms River NJ US,Drafted by the New York Yankees in the 19th round of the 2017 amateur draft. Player signed June 16 2017.,University of Delaware (Newark DE),,Ronald James,marinro01,
161,Yunior Marte,27.069,Apr 12,,1,SFG,-0.3,6-2,180,R,R,Feb 2 1995,Santo Domingo Distrito Nacional DO,Signed as a Free Agent with the Kansas City Royals in 2012.,,,Yunior,marteyu01,
162,Davis Martin,25.133,May 17,,1,CHW,0.1,6-2,215,L,R,Jan 4 1997,Abilene TX US,Drafted by the Chicago White Sox in the 14th round of the 2018 amateur draft. Player signed July 5 2018.,Texas Tech University (Lubbock TX),Central HS (San Angelo TX),Davis Alan,martida03,
163,Adrian Martinez,25.151,May 10,,1,OAK,-0.8,6-2,215,R,R,Dec 10 1996,Mexicali Baja California MX,Signed as a Free Agent with the San Diego Padres in 2015.,,,Adrian Misael,martiad01,
164,Michael Massey,24.115,Jul 15,,4/HD5,KCR,0.7,6-0,190,L,R,Mar 22 1998,Palos Park IL US,Drafted by the Kansas City Royals in the 4th round of the 2019 amateur draft. Player signed June 9 2019.,University of Illinois at Urbana-Champaign (Champaign IL),,Michael,massemi02,
165,Miles Mastrobuoni,26.326,Sep 22,,/49H,TBR,-0.2,5-11,185,L,R,Oct 31 1995,San Ramon CA US,Drafted by the Tampa Bay Rays in the 14th round of the 2016 amateur draft. Player signed June 17 2016.,College of San Mateo (San Mateo CA) University of Nevada Reno (Reno NV),,Miles James,mastrmi01,
166,J.J. Matijevic,26.159,Apr 22,,HD3/7,HOU,-0.1,6-0,206,L,R,Nov 14 1995,Latrobe PA US,Drafted by the Houston Astros in the 2nd round of the 2017 amateur draft. Player signed June 21 2017.,University of Arizona (Tucson AZ),Norwin HS (Irwin PA),Joseph John,matijjj01,
167,Kirk McCarty,26.194,Apr 24,,1,CLE,-0.3,5-8,185,L,L,Oct 12 1995,Hattiesburg MS US,Drafted by the Cleveland Indians in the 7th round of the 2017 amateur draft. Player signed June 24 2017.,University of Southern Mississippi (Hattiesburg MS),Oak Grove HS (Hattiesburg MS),Kirkland Morgan,mccarki01,
168,Mickey McDonald,26.322,Apr 20,,/H8D9,OAK,0.0,6-2,175,B,R,Jun 2 1995,San Mateo CA US,Drafted by the Oakland Athletics in the 18th round of the 2017 amateur draft. Player signed June 15 2017.,University of Illinois at Chicago (Chicago IL),,Raymond Mickey,mcdonmi01,
169,Easton McGee,24.280,Oct 2,,/1,TBR,0.1,6-6,205,R,R,Dec 26 1997,Hopkinsville KY US,Drafted by the Tampa Bay Rays in the 4th round of the 2016 amateur draft. Player signed June 28 2016.,,Hopkinsville HS (Hopkinsville KY),Easton Michael,mcgeeea01,
170,MJ Melendez,23.155,May 3,,2D79/H,KCR,0.5,6-1,190,L,R,Nov 29 1998,Daytona Beach FL US,Drafted by the Kansas City Royals in the 2nd round of the 2017 amateur draft. Player signed June 17 2017.,,Westminster Christian School (Miami FL),Mervyl Samuel,melenmj01,
171,Joey Meneses,30.088,Aug 2,,39/7H,WSN,1.1,6-3,215,R,R,May 6 1992,Culiacan Sinaloa MX,Signed as a Free Agent with the Atlanta Braves in 2011.,,,Joey,menesjo01,
172,Max Meyer,23.126,Jul 16,,/1,MIA,-0.1,6-0,196,L,R,Mar 12 1999,Woodbury MN US,Drafted by the Miami Marlins in the 1st round (3rd pick) of the 2020 amateur draft. Player signed July 1 2016.,University of Minnesota (Minneapolis MN),Woodbury HS (Woodbury MN),Max Thomas,meyerma01,
173,Jose Miranda,23.307,May 2,,35D/H,MIN,1.0,6-2,210,R,R,Jun 29 1998,Manati PR,Drafted by the Minnesota Twins in the 2nd round of the 2016 amateur draft. Player signed June 14 2016.,,Leadership Christian Academy (Guaynabo Puerto Rico),Jose Francisco,miranjo01,
174,Calvin Mitchell,23.077,May 24,,9D/H,PIT,-0.4,6-0,205,L,L,Mar 8 1999,San Diego CA US,Drafted by the Pittsburgh Pirates in the 2nd round of the 2017 amateur draft. Player signed June 20 2017.,,Rancho Bernardo HS (San Diego CA),Calvin,mitchca01,
175,Garrett Mitchell,23.357,Aug 27,,8/H,MIL,0.9,6-3,215,L,R,Sep 4 1998,Orange CA US,Drafted by the Milwaukee Brewers in the 1st round (20th pick) of the 2020 amateur draft. Player signed July 8 2020.,University of California Los Angeles (Los Angeles CA),Orange Lutheran HS (Orange CA),Garrett Antony-Charles,mitchga01,
176,Nate Mondou,27.194,Oct 4,,/4,OAK,0.0,5-10,205,L,R,Mar 24 1995,Tacoma WA US,Drafted by the Oakland Athletics in the 13th round of the 2016 amateur draft. Player signed June 14 2016.,Wake Forest University (Winston-Salem NC),Charles Wright Academy (University Place WA),Nathan Wayne,mondona01,
177,Elehuris Montero,23.257,May 1,,53D/H,COL,0.1,6-3,235,R,R,Aug 17 1998,Santo Domingo Centro Distrito Nacional DO,Signed as a Free Agent with the St. Louis Cardinals in 2014.,,,Elehuris,monteel01,
178,Bryce Montes de Oca,26.133,Sep 3,,/1,NYM,-0.1,6-7,265,R,R,Apr 23 1996,Lawrence KS US,Drafted by the New York Mets in the 9th round of the 2018 amateur draft. Player signed June 9 2018.,University of Missouri (Columbia MO),Lawrence HS (Lawrence KS),Bryce,montebr01,
179,Francisco Morales,22.194,May 9,,/1,PHI,-0.1,6-4,185,R,R,Oct 27 1999,San Juan de los Morros Guarico VE,Signed as a Free Agent with the Philadelphia Phillies in 2016.,,,Francisco Javier,moralfr02,
180,Christopher Morel,22.327,May 17,,8456/HD7,CHC,1.4,5-11,145,R,R,Jun 24 1999,Santiago Santiago DO,Signed as a Free Agent with the Chicago Cubs in 2015.,,,Christopher Rafael,morelch01,
181,Gabriel Moreno,22.117,Jun 11,,2/HD457,TOR,0.7,5-11,195,R,R,Feb 14 2000,Barquisimeto Lara VE,Signed as a Free Agent with the Toronto Blue Jays in 2016.,,,Gabriel Jose,morenga01,
182,Cody Morris,25.302,Sep 2,,/1,CLE,0.4,6-4,205,R,R,Nov 4 1996,Columbia MD US,Drafted by the Cleveland Indians in the 7th round of the 2018 amateur draft. Player signed June 19 2018.,University of South Carolina (Columbia SC),Reservoir HS (Fulton MD),Cody McKinley,morrico01,
183,Penn Murfee,27.362,Apr 29,,1,SEA,1.0,6-2,195,R,R,May 2 1994,Nashville TN US,Drafted by the Seattle Mariners in the 33rd round of the 2018 amateur draft. Player signed June 10 2018.,Santa Clara University (Santa Clara CA) Vanderbilt University (Nashville TN),Montgomery Bell Academy (Nashville TN),William Penn,murfepe01,
184,Parker Mushinski,26.146,Apr 17,,/1,HOU,0.1,6-0,218,L,L,Nov 22 1995,Arlington TX US,Drafted by the Houston Astros in the 7th round of the 2017 amateur draft. Player signed June 21 2017.,Texas Tech University (Lubbock TX),Argyle HS (Argyle TX),Parker Allen,mushipa01,
185,Simon Muzziotti,23.105,Apr 11,,/8H,PHI,-0.1,6-1,175,L,L,Dec 27 1998,Cumana Sucre VE,Signed as a Free Agent with the Boston Red Sox in 2015.,,,Simon Jose,muzzisi01,
186,James Naile,29.139,Jun 27,,/1,STL,0.0,6-4,185,R,R,Feb 8 1993,Cape Girardeau MO US,Drafted by the Oakland Athletics in the 20th round of the 2015 amateur draft. Player signed June 15 2015.,University of Alabama at Birmingham (Birmingham AL),,James Aubrey,naileja01,
187,Andrew Nardi,23.363,Aug 16,,1,MIA,-0.7,6-3,215,L,L,Aug 18 1998,West Hills CA US,Drafted by the Miami Marlins in the 16th round of the 2019 amateur draft. Player signed June 10 2019.,Moorpark College (Moorpark CA) University of Arizona (Tucson AZ) Ventura College (Ventura CA),Royal HS (Simi Valley CA),Andrew Christopher,nardian01,
188,Bo Naylor,22.222,Oct 1,,/2D,CLE,-0.2,6-0,195,L,R,Feb 21 2000,Mississauga ON CA,Drafted by the Cleveland Indians in the 1st round (29th pick) of the 2018 amateur draft. Player signed July 3 2018.,,St. Joan of Arc Catholic SS (Mississauga ON),Noah Garret,naylobo01,
189,Ryne Nelson,24.216,Sep 5,,/1,ARI,0.8,6-3,184,R,R,Feb 1 1998,Henderson NV US,Drafted by the Arizona Diamondbacks in the 2nd round of the 2019 amateur draft. Player signed June 18 2019.,University of Oregon (Eugene OR),Basic HS (Henderson NV),Ryne Tanner,nelsory01,
190,Logan O'Hoppe,22.231,Sep 28,,/2,LAA,-0.1,6-2,185,R,R,Feb 9 2000,West Islip NY US,Drafted by the Philadelphia Phillies in the 23rd round of the 2018 amateur draft. Player signed June 11 2018.,,St. John the Baptist HS (West Islip NY),Logan,ohopplo01,
191,Brian O'Keefe,29.078,Oct 1,,/2D,SEA,0.0,6-1,210,R,R,Jul 15 1993,Albany NY US,Drafted by the St. Louis Cardinals in the 7th round of the 2014 amateur draft. Player signed June 12 2014.,St. Joseph's University (Philadelphia PA),South Colonie HS (Albany NY),Brian James,okeefbr01,
192,Cristofer Ogando,28.253,Jul 3,,/1,TBR,0.0,6-3,195,R,R,Oct 23 1993,Santo Domingo Distrito Nacional DO,Signed as a Free Agent with the Miami Marlins in 2013.,,,Cristofer Jesus,ogandcr01,
193,Chris Okey,27.163,Jun 10,,/2,CIN,-0.2,5-11,200,R,R,Dec 29 1994,Altamonte Springs FL US,Drafted by the Cincinnati Reds in the 2nd round of the 2016 amateur draft. Player signed June 13 2016.,Clemson University (Clemson SC),Eustis HS (Eustis FL),Christopher Campbell,okeych01,
194,Adam Oller,27.177,Apr 12,,1,OAK,-1.0,6-4,225,R,R,Oct 17 1994,Conroe TX US,Drafted by the Pittsburgh Pirates in the 20th round of the 2016 amateur draft. Player signed June 17 2016.,Northwestern State University of Louisiana (Natchitoches LA),,Adam Samuel,ollerad01,
195,Luis Ortiz,23.229,Sep 13,,/1,PIT,0.1,6-2,240,R,R,Jan 27 1999,San Pedro de Macoris San Pedro de Macoris DO,Signed as a Free Agent with the Pittsburgh Pirates in 2018.,,,Luis Leandro,ortizlu03,
196,James Outman,25.078,Jul 31,,/7D9,LAD,0.4,6-3,215,L,R,May 14 1997,Redwood City CA US,Drafted by the Los Angeles Dodgers in the 7th round of the 2018 amateur draft. Player signed June 12 2018.,California State University Sacramento (Sacramento CA),,James Matthew,outmaja01,
197,Nicholas Padilla,25.242,Aug 23,,/1,CHC,0.0,6-2,220,R,R,Dec 24 1996,Bronx NY US,Drafted by the Tampa Bay Rays in the 13th round of the 2015 amateur draft. Player signed July 16 2015.,Grayson College (Denison TX),Cardinal Spellman HS (Bronx NY),Nicholas Gilbert,padilni01,
198,Jermaine Palacios,25.316,May 31,,64/H135,MIN,-0.7,6-0,145,R,R,Jul 19 1996,Barquisimeto Lara VE,Signed as a Free Agent with the Minnesota Twins in 2013.,,,Jermaine Manuel,palacje01,
199,Richie Palacios,24.344,Apr 25,,7HD/4,CLE,-0.2,5-10,180,L,R,May 16 1997,Brooklyn NY US,Drafted by the Cleveland Indians in the 3rd round of the 2018 amateur draft. Player signed June 13 2018.,Towson University (Towson MD),The Berkeley Carroll School (Brooklyn NY),Richard Jordan,palacri01,
200,Andre Pallante,23.204,Apr 10,,1,STL,1.4,6-0,203,R,R,Sep 18 1998,Mission Viejo CA US,Drafted by the St. Louis Cardinals in the 4th round of the 2019 amateur draft. Player signed June 19 2019.,University of California Irvine (Irvine CA),San Clemente HS (San Clemente CA),Neil Andre,pallaan01,
201,Michael Papierski,26.084,May 21,,/23H,SFG,-0.6,6-3,224,B,R,Feb 26 1996,Palos Heights IL US,Drafted by the Houston Astros in the 9th round of the 2017 amateur draft. Player signed July 5 2017.,Louisiana State University (Baton Rouge LA),Lemont HS (Lemont IL),Michael John,papiemi01,
202,Vinnie Pasquantino,24.261,Jun 28,,3D,KCR,1.5,6-4,245,L,L,Oct 10 1997,Richmond VA US,Drafted by the Kansas City Royals in the 11th round of the 2019 amateur draft. Player signed June 9 2019.,Old Dominion University (Norfolk VA),,Vincent Joseph,pasquvi01,
203,Liover Peguero,21.169,Jun 18,,/6,PIT,0.2,6-2,200,R,R,Dec 31 2000,Higuey La Altagracia DO,Signed as a Free Agent with the Arizona Diamondbacks in 2017.,,,Liover,pegueli01,
204,Jeremy Pena,24.197,Apr 7,,*6/H,HOU,4.8,6-0,202,R,R,Sep 22 1997,Santo Domingo Distrito Nacional DO,Drafted by the Houston Astros in the 3rd round of the 2018 amateur draft. Player signed June 13 2018.,University of Maine (Orono ME),Classical HS (Providence RI),Jeremy Joan,penaje02,
205,Ryan Pepiot,24.263,May 11,,/1,LAD,0.4,6-3,215,R,R,Aug 21 1997,Indianapolis IN US,Drafted by the Los Angeles Dodgers in the 3rd round of the 2019 amateur draft. Player signed June 11 2019.,Butler University (Indianapolis IN),,Ryan Michael,pepiory01,
206,Oswald Peraza,22.079,Sep 2,,6/4H,NYY,0.6,6-0,200,R,R,Jun 15 2000,Barquisimeto Lara VE,Signed as a Free Agent with the New York Yankees in 2016.,,,Oswald Dair,perazos02,
207,Carlos Perez,25.350,Aug 26,,/2H,CHW,-0.2,5-11,205,R,R,Sep 10 1996,Valencia Carabobo VE,Signed as a Free Agent with the Chicago White Sox in 2014.,,,Carlos Jesus,perezca03,
208,Joe Perez,22.239,Apr 8,,/5H,HOU,0.0,6-2,198,R,R,Aug 12 1999,Pembroke Pines FL US,Drafted by the Houston Astros in the 2nd round of the 2017 amateur draft. Player signed June 27 2017.,,Archbishop McCarthy HS (Southwest Ranches FL),Joseph,perezjo02,
209,Konnor Pilkington,24.215,Apr 15,,1,CLE,-0.1,6-3,240,L,L,Sep 12 1997,Pascagoula MS US,Drafted by the Chicago White Sox in the 3rd round of the 2018 amateur draft. Player signed June 27 2018.,Mississippi State University (Mississippi State MS),East Central HS (Moss Point MS),Konnor Chase,pilkiko01,
210,Israel Pineda,22.161,Sep 11,,/2,WSN,-0.2,5-11,188,R,R,Apr 3 2000,Maracay Aragua VE,Signed as a Free Agent with the Washington Nationals in 2016.,,,Israel Abrahan,pinedis01,
211,Rene Pinto,25.175,Apr 26,,2,TBR,-0.2,5-10,195,R,R,Nov 2 1996,Maracay Aragua VE,Signed as a Free Agent with the Tampa Bay Rays in 2013.,,,Rene Rafael,pintore02,
212,Michael Plassmeyer,25.291,Aug 23,,/1,PHI,0.2,6-2,197,L,L,Nov 5 1996,St. Louis MO US,Drafted by the Seattle Mariners in the 4th round of the 2018 amateur draft. Player signed June 10 2018.,University of Missouri (Columbia MO),De Smet Jesuit HS (Creve Coeur MO),Michael Gene,plassmi01,
213,Nick Plummer,25.258,Apr 15,,/D97H,NYM,-0.1,5-10,200,L,L,Jul 31 1996,Lathrup Village MI US,Drafted by the St. Louis Cardinals in the 1st round (23rd pick) of the 2015 amateur draft. Player signed June 15 2015.,,Brother Rice HS (Bloomfield Hills MI),Nicholas Raymond,plummni01,
214,Nick Pratto,23.281,Jul 14,,3/7H9,KCR,-0.1,6-1,215,L,L,Oct 6 1998,Huntington Beach CA US,Drafted by the Kansas City Royals in the 1st round (14th pick) of the 2017 amateur draft. Player signed June 19 2017.,,Huntington Beach HS (Huntington Beach CA),Nicholas Michael,prattni01,
215,Ford Proctor,25.294,Sep 24,,/42H,SFG,-0.1,6-1,195,L,R,Dec 4 1996,Beaumont TX US,Drafted by the Tampa Bay Rays in the 3rd round of the 2018 amateur draft. Player signed June 11 2018.,Rice University (Houston TX),Monsignor Kelly Catholic HS (Beaumont TX),Jay Clifford,proctfo01,
216,Esteban Quiroz,30.212,Sep 17,,4/H,CHC,0.4,5-6,199,L,R,Feb 17 1992,Ciudad Obregon Sonora MX,Signed as a Free Agent with the Boston Red Sox in 2017.,,,Jesus Esteban,quiroes01,
217,Cole Ragans,24.235,Aug 4,,/1,TEX,-0.1,6-4,190,L,L,Dec 12 1997,Crawfordville FL US,Drafted by the Texas Rangers in the 1st round (30th pick) of the 2016 amateur draft. Player signed June 14 2016.,,North Florida Christian HS (Tallahassee FL),Cole Gatlin,raganco01,
218,Heliot Ramos,22.215,Apr 10,,/97H,SFG,-0.5,6-1,188,R,R,Sep 7 1999,Humacao PR,Drafted by the San Francisco Giants in the 1st round (19th pick) of the 2017 amateur draft. Player signed June 20 2017.,,Leadership Christian Academy (Guaynabo Puerto Rico),Heliot Lemuel,ramoshe02,
219,Denyi Reyes,25.192,May 13,,/1,BAL,0.2,6-4,255,R,R,Nov 2 1996,San Cristobal San Cristobal DO,Signed as a Free Agent with the Boston Red Sox in 2014.,,,Denyi,reyesde02,
220,Ethan Roberts,24.279,Apr 9,,/1,CHC,-0.3,5-10,180,R,R,Jul 4 1997,Sparta TN US,Drafted by the Chicago Cubs in the 4th round of the 2018 amateur draft. Player signed June 21 2018.,Tennessee Technological University (Cookeville TN),White County HS (Sparta TN),Ethan Michael,roberet01,
221,Kramer Robertson,27.232,May 10,,/HD6,STL,-0.1,5-10,166,R,R,Sep 20 1994,Waco TX US,Drafted by the St. Louis Cardinals in the 4th round of the 2017 amateur draft. Player signed June 28 2017.,Louisiana State University (Baton Rouge LA),,Kramer Reid,roberkr01,
222,Chuckie Robinson,27.253,Aug 24,,2,CIN,-0.5,5-11,221,R,R,Dec 14 1994,Danville IL US,Drafted by the Houston Astros in the 21st round of the 2016 amateur draft. Player signed June 14 2016.,University of Southern Mississippi (Hattiesburg MS),Danville HS (Danville IL),Charles,robinch04,
223,Elvin Rodriguez,24.010,Apr 10,,/1,DET,-1.5,6-3,160,R,R,Mar 31 1998,San Cristobal San Cristobal DO,Signed as a Free Agent with the Los Angeles Angels of Anaheim in 2014.,,,Elvin Miguel,rodriel02,
224,Julio Rodriguez,21.100,Apr 8,,*8/DH,SEA,6.2,6-3,228,R,R,Dec 29 2000,Loma de Cabrera Dajabon DO,Signed as a Free Agent with the Seattle Mariners in 2017.,,,Julio Yarnel,rodriju01,
225,Yerry Rodriguez,24.355,Oct 5,,/1,TEX,0.1,6-2,198,R,R,Oct 15 1997,Santiago Santiago DO,Signed as a Free Agent with the Texas Rangers in 2015.,,,Yerry Manuel,rodriye01,
226,Tommy Romero,24.278,Apr 12,,/1,TBR,-0.5,6-2,225,R,R,Jul 8 1997,Fort Lauderdale FL US,Drafted by the Seattle Mariners in the 15th round of the 2017 amateur draft. Player signed June 20 2017.,Eastern Florida State College (Cocoa FL),,Thomas John,romerto01,
227,Eguy Rosario,23.001,Aug 26,,/H56D,SDP,0.1,5-9,150,R,R,Aug 25 1999,Juan Baron San Cristobal DO,Signed as a Free Agent with the San Diego Padres in 2015.,,,Eguy,rosareg01,
228,Kenny Rosenberg,26.283,Apr 18,,/1,LAA,0.1,6-1,195,L,L,Jul 9 1995,Mill Valley CA US,Drafted by the Tampa Bay Rays in the 8th round of the 2016 amateur draft. Player signed June 21 2016.,California State University Northridge (Los Angeles CA),Tamalpais HS (Mill Valley CA),Kenneth Walter,rosenke01,
229,Bubby Rossman,30.014,Jul 13,,/1,PHI,-0.1,6-5,220,B,R,Jun 29 1992,La Habra CA US,Drafted by the Los Angeles Dodgers in the 22nd round of the 2014 amateur draft. Player signed June 11 2014.,California State University Dominguez Hills (Carson CA),,Charles Irvin,rossmbu01,
230,Esteury Ruiz,23.147,Jul 12,,/987H,SDP,-0.5,6-0,169,R,R,Feb 15 1999,Azua Azua DO,Signed as a Free Agent with the Kansas City Royals in 2015.,,,Esteury,ruizes01,
231,Norge Ruíz,28.157,Aug 19,,1,OAK,-0.4,5-10,180,R,R,Mar 15 1994,La Habana La Habana CU,Signed as a Free Agent with the Oakland Athletics in 2016.,,,Norge Luis,ruizno01,
232,Adley Rutschman,24.104,May 21,,2D/H,BAL,5.2,6-2,220,B,R,Feb 6 1998,Portland OR US,Drafted by the Baltimore Orioles in the 1st round (1st pick) of the 2019 amateur draft. Player signed June 24 2019.,Oregon State University (Corvallis OR),Sherwood HS (Sherwood OR),Adley Stan,rutscad01,
233,Phoenix Sanders,26.313,Apr 14,,/1,TBR,0.2,5-10,205,R,R,Jun 5 1995,Augsburg Bavaria DE,Drafted by the Tampa Bay Rays in the 10th round of the 2017 amateur draft. Player signed June 15 2017.,Daytona State College (Daytona Beach FL) University of South Florida (Tampa FL),,Phoenix Clark,sandeph01,
234,Cole Sands,24.288,May 1,,1,MIN,-0.4,6-3,215,R,R,Jul 17 1997,Tallahassee FL US,Drafted by the Minnesota Twins in the 5th round of the 2018 amateur draft. Player signed July 5 2018.,Florida State University (Tallahassee FL),North Florida Christian HS (Tallahassee FL),Bryson Cole,sandsco01,
235,Donny Sands,26.109,Sep 2,,/H2D,PHI,-0.1,6-2,190,R,R,May 16 1996,Tucson AZ US,Drafted by the New York Yankees in the 8th round of the 2015 amateur draft. Player signed June 12 2015.,,Salpointe HS (Tucson AZ),Donny,sandsdo01,
236,JP Sears,26.053,Apr 13,,/1,NYY,0.8,5-11,180,R,L,Feb 19 1996,Sumter SC US,Drafted by the Seattle Mariners in the 11th round of the 2017 amateur draft. Player signed June 17 2017.,The Citadel (Charleston SC),,John Patrick,searsjp01,
237,Cody Sedlock,26.344,May 29,,/1,BAL,-0.1,6-4,220,R,R,Jun 19 1995,Sherrard IL US,Drafted by the Baltimore Orioles in the 1st round (27th pick) of the 2016 amateur draft. Player signed June 17 2016.,University of Illinois at Urbana-Champaign (Champaign IL),Alleman Catholic HS (Rock Island IL),Cody Austin,sedloco01,
238,Brian Serven,27.013,May 18,,2/H3D1,COL,0.0,6-0,207,R,R,May 5 1995,Palm Desert CA US,Drafted by the Colorado Rockies in the 5th round of the 2016 amateur draft. Player signed June 15 2016.,Arizona State University (Tempe AZ),Palm Desert HS (Palm Desert CA),Brian Nicholas,servebr01,
239,Anderson Severino,27.209,Apr 14,,/1,CHW,0.0,5-10,190,L,L,Sep 17 1994,Santo Domingo Distrito Nacional DO,Signed as a Free Agent with the New York Yankees in 2013.,,,Anderson,severan01,
240,Michael Siani,23.068,Sep 22,,/8H,CIN,-0.4,6-1,188,L,L,Jul 16 1999,Glenside PA US,Drafted by the Cincinnati Reds in the 4th round of the 2018 amateur draft. Player signed July 3 2018.,,William Penn Charter School (Philadelphia PA),Michael,sianimi01,
241,Chase Silseth,21.360,May 13,,/1,LAA,-0.5,6-0,217,R,R,May 18 2000,Farmington NM US,Drafted by the Los Angeles Angels in the 11th round of the 2021 amateur draft. Player signed July 31 2021.,College of Southern Nevada (Henderson NV) University of Arizona (Tucson AZ) University of Tennessee (Knoxville TN),Piedra Vista HS (Farmington NM),Chase Robert,silsech01,
242,Ethan Small,25.105,May 30,,/1,MIL,-0.2,6-4,215,L,L,Feb 14 1997,Jackson TN US,Drafted by the Milwaukee Brewers in the 1st round (28th pick) of the 2019 amateur draft. Player signed June 25 2019.,Mississippi State University (Mississippi State MS),Lexington HS (Lexington TN),Ethan Robert,smallet01,
243,Chad Smith,26.355,May 29,,1,COL,-0.3,6-4,200,R,R,Jun 8 1995,McCalla AL US,Drafted by the Miami Marlins in the 11th round of the 2016 amateur draft. Player signed June 12 2016.,University of Mississippi (Oxford MS) Wallace State Community College (Hanceville AL),,Rodney Chad,smithch12,
244,Josh Smith,24.296,May 30,,57H/D64,TEX,0.3,5-10,172,L,R,Aug 7 1997,Baton Rouge LA US,Drafted by the New York Yankees in the 2nd round of the 2019 amateur draft. Player signed July 12 2019.,Louisiana State University (Baton Rouge LA),Catholic HS (Baton Rouge LA),Josh Harris,smithjo11,
245,Canaan Smith-Njigba,23.045,Jun 14,,/7H,PIT,-0.1,6-0,230,L,R,Apr 30 1999,Dallas TX US,Drafted by the New York Yankees in the 4th round of the 2017 amateur draft. Player signed June 17 2017.,,Rockwall-Heath HS (Heath TX),Canaan Elijah,smithca05,
246,Collin Snider,26.181,Apr 9,,1,KCR,-0.5,6-4,195,R,R,Oct 10 1995,Nashville TN US,Drafted by the Kansas City Royals in the 12th round of the 2017 amateur draft. Player signed June 17 2017.,Vanderbilt University (Nashville TN),,Collin Kenneth,snideco01,
247,Jared Solomon,24.331,May 7,,/1,CIN,-0.3,6-2,200,R,R,Jun 10 1997,Millville PA US,Drafted by the Cincinnati Reds in the 11th round of the 2017 amateur draft. Player signed June 18 2017.,Alderson Broaddus University (Phillippi WV) Lackawanna College (Scranton PA) Xavier University (Cincinnati OH),,Jared R.,solomja01,
248,Lenyn Sosa,22.149,Jun 23,,/46DH,CHW,-0.5,6-0,180,R,R,Jan 25 2000,Puerto Ordaz Bolivar VE,Signed as a Free Agent with the Chicago White Sox in 2016.,,,Lenyn Jose,sosale01,
249,Livan Soto,22.087,Sep 17,,6/5H,LAA,0.7,6-0,160,L,R,Jun 22 2000,Valencia Carabobo VE,Signed as a Free Agent with the Atlanta Braves in 2016.,,,Livan Enrique,sotoli01,
250,Bennett Sousa,27.002,Apr 8,,1,CHW,-1.0,6-3,220,L,L,Apr 6 1995,North Palm Beach FL US,Drafted by the Chicago White Sox in the 10th round of the 2018 amateur draft. Player signed June 8 2018.,University of Virginia (Charlottesville VA),The Benjamin School (Palm Beach Gardens FL),John Bennett,sousabe01,
251,Spencer Steer,24.269,Sep 2,,5/34DH,CIN,0.0,5-11,185,R,R,Dec 7 1997,Long Beach CA US,Drafted by the Minnesota Twins in the 3rd round of the 2019 amateur draft. Player signed June 19 2019.,University of Oregon (Eugene OR),Millikan HS (Long Beach CA),Spencer Gordon,steersp01,
252,Michael Stefanic,26.129,Jul 3,,4/H,LAA,0.0,5-10,180,R,R,Feb 24 1996,Boise ID US,Signed as a Free Agent with the Los Angeles Angels in 2018.,Westmont College (Santa Barbara CA),,Michael,stefami01,
253,Cal Stevenson,25.332,Aug 10,,8/H97,OAK,-0.3,5-10,175,L,L,Sep 12 1996,Fremont CA US,Drafted by the Toronto Blue Jays in the 10th round of the 2018 amateur draft. Player signed June 9 2018.,Chabot College (Hayward CA) University of Arizona (Tucson AZ) University of Nevada Reno (Reno NV),John F. Kennedy HS (Fremont CA),Cal,steveca01,
254,Bryson Stott,24.184,Apr 8,,64/H5,PHI,1.3,6-3,200,L,R,Oct 6 1997,Las Vegas NV US,Drafted by the Philadelphia Phillies in the 1st round (14th pick) of the 2019 amateur draft. Player signed June 27 2019.,University of Nevada Las Vegas (Paradise NV),,Bryson Jeremy,stottbr01,
255,Kyle Stowers,24.162,Jun 13,,79/HD,BAL,-0.1,6-3,200,L,L,Jan 2 1998,El Cajon CA US,Drafted by the Baltimore Orioles in the 2nd round of the 2019 amateur draft. Player signed June 21 2019.,Stanford University (Palo Alto CA),Christian HS (El Cajon CA),Kyle Jacob,stoweky01,
256,Peter Strzelecki,27.221,Jun 2,,1,MIL,0.5,6-2,195,R,R,Oct 24 1994,Queens NY US,Signed as a Free Agent with the Milwaukee Brewers in 2018.,Palm Beach State College (Lake Worth FL) University of South Florida (Tampa FL),,Peter Joseph,strzepe01,
257,Robert Suarez,31.037,Apr 7,,1,SDP,1.4,6-2,210,R,R,Mar 1 1991,Bolivar Bolivar VE,Signed as a Free Agent with the San Diego Padres in 2021.,,,Robert Alexander,suarero01,
258,Beau Sulser,27.356,Apr 26,,/1,PIT,0.0,6-2,195,R,R,May 5 1994,Escondido CA US,Drafted by the Pittsburgh Pirates in the 10th round of the 2017 amateur draft. Player signed June 19 2017.,Dartmouth College (Hanover NH),,Beau Grayson,sulsebe01,
259,Jack Suwinski,23.271,Apr 26,,798/HD,PIT,1.1,6-2,215,L,L,Jul 29 1998,Chicago IL US,Drafted by the San Diego Padres in the 15th round of the 2016 amateur draft. Player signed July 7 2016.,,Taft HS (Chicago IL),Jack William,suwinja01,
260,Seiya Suzuki,27.232,Apr 7,,9/HD,CHC,2.0,5-11,182,R,R,Aug 18 1994,Arakawa Tokyo JP,Signed as a Free Agent with the Chicago Cubs in 2022.,,,Seiya,suzukse01,
261,Travis Swaggerty,24.292,Jun 7,,/7H8D,PIT,-0.2,5-10,200,L,L,Aug 19 1997,Covington LA US,Drafted by the Pittsburgh Pirates in the 1st round (10th pick) of the 2018 amateur draft. Player signed June 15 2018.,University of South Alabama (Mobile AL),,Travis Wade,swaggtr01,
262,Matt Swarmer,28.247,May 30,,1,CHC,-0.5,6-5,195,R,R,Sep 25 1993,Reading PA US,Drafted by the Chicago Cubs in the 19th round of the 2016 amateur draft. Player signed June 22 2016.,Kutztown University of Pennsylvania (Kutztown PA),Governor Mifflin HS (Shillington PA),Matthew Lee,swarmma01,
263,Freddy Tarnok,23.266,Aug 17,,/1,ATL,0.0,6-3,185,R,R,Nov 24 1998,Brandon FL US,Drafted by the Atlanta Braves in the 3rd round of the 2017 amateur draft. Player signed June 18 2017.,,Riverview HS (Riverview FL),Frederic Michael,tarnofr01,
264,Jackson Tetreault,26.011,Jun 14,,/1,WSN,-0.2,6-5,189,R,R,Jun 3 1996,Ruskin FL US,Drafted by the Washington Nationals in the 7th round of the 2017 amateur draft. Player signed June 20 2017.,Cameron University (Lawton OK) State College of Florida Manatee-Sarasota (Bradenton FL),,Jackson Joseph,tetreja01,
265,Alek Thomas,22.010,May 8,,*8/H,ARI,1.4,5-11,175,L,L,Apr 28 2000,Chicago IL US,Drafted by the Arizona Diamondbacks in the 2nd round of the 2018 amateur draft. Player signed June 12 2018.,,Mount Carmel HS (Chicago IL),Alek,thomaal01,
266,Cody Thomas,27.328,Sep 1,,7,OAK,-0.2,6-4,211,L,R,Oct 8 1994,Colleyville TX US,Drafted by the Los Angeles Dodgers in the 13th round of the 2016 amateur draft. Player signed June 21 2016.,University of Oklahoma (Norman OK),Colleyville Heritage HS (Colleyville TX),Cody Ryan,thomaco01,
267,Bubba Thompson,24.056,Aug 4,,79/8HD,TEX,0.1,6-2,197,R,R,Jun 9 1998,Mobile AL US,Drafted by the Texas Rangers in the 1st round (26th pick) of the 2017 amateur draft. Player signed June 16 2017.,,McGill-Toolen Catholic HS (Mobile AL),Leslie Arnold,thompbu01,
268,Zack Thompson,24.218,Jun 3,,1,STL,0.7,6-2,215,L,L,Oct 28 1997,Selma IN US,Drafted by the St. Louis Cardinals in the 1st round (19th pick) of the 2019 amateur draft. Player signed June 11 2019.,University of Kentucky (Lexington KY),Wapahani HS (Selma IN),Zachary David,thompza02,
269,Michael Toglia,24.014,Aug 30,,93/H,COL,-0.1,6-5,226,B,L,Aug 16 1998,Phoenix AZ US,Drafted by the Colorado Rockies in the 1st round (23rd pick) of the 2019 amateur draft. Player signed June 18 2019.,University of California Los Angeles (Los Angeles CA),Gig Harbor HS (Gig Harbor WA),Michael Anthony,toglimi01,
270,Spencer Torkelson,22.225,Apr 8,,*3/H,DET,-1.3,6-1,220,R,R,Aug 26 1999,Petaluma CA US,Drafted by the Detroit Tigers in the 1st round (1st pick) of the 2020 amateur draft. Player signed June 30 2020.,Arizona State University (Tempe AZ),,Spencer Enochs,torkesp01,
271,Ezequiel Tovar,21.053,Sep 23,,/6,COL,-0.4,6-0,162,R,R,Aug 1 2001,Maracay Aragua VE,Signed as a Free Agent with the Colorado Rockies in 2017.,,,Ezequiel Jesus,tovarez01,
272,Tanner Tully,27.143,Apr 22,,/1,CLE,-0.1,6-2,205,L,L,Nov 30 1994,Elkhart IN US,Drafted by the Cleveland Indians in the 26th round of the 2016 amateur draft. Player signed June 15 2016.,The Ohio State University (Columbus OH),,Tanner Paul,tullyta01,
273,Erich Uelmen,26.064,Jul 22,,1,CHC,-0.1,6-3,210,R,R,May 19 1996,Las Vegas NV US,Drafted by the Chicago Cubs in the 4th round of the 2017 amateur draft. Player signed June 21 2017.,California Polytechnic State University San Luis Obispo (San Luis Obispo CA),Faith Lutheran HS (Las Vegas NV),Erich William,uelmeer01,
274,Miguel Vargas,22.259,Aug 3,,/37D5H,LAD,-0.5,6-3,205,R,R,Nov 17 1999,La Habana La Habana CU,Signed as a Free Agent with the Los Angeles Dodgers in 2017.,,,Miguel Antonio,vargami01,
275,Louie Varland,24.272,Sep 7,,/1,MIN,0.4,6-1,205,L,R,Dec 9 1997,St. Paul MN US,Drafted by the Minnesota Twins in the 15th round of the 2019 amateur draft. Player signed June 12 2019.,Concordia University (St. Paul MN),,Louis Dennis,varlalo01,
276,Terrin Vavra,25.078,Jul 29,,47/HD9,BAL,0.1,6-1,200,L,R,May 12 1997,Menomonie WI US,Drafted by the Colorado Rockies in the 3rd round of the 2018 amateur draft. Player signed June 19 2018.,University of Minnesota (Minneapolis MN),,Terrin Thomas,vavrate01,
277,Nelson Velázquez,23.155,May 30,,89H7/D,CHC,-0.6,6-0,200,R,R,Dec 26 1998,Carolina PR,Drafted by the Chicago Cubs in the 5th round of the 2017 amateur draft. Player signed July 7 2017.,,PJ Education School (Carolina Puerto Rico),Nelson Javier,velazne01,
278,Nick Vespi,26.222,May 20,,1,BAL,0.3,6-3,215,L,L,Oct 10 1995,Miami FL US,Drafted by the Baltimore Orioles in the 18th round of the 2015 amateur draft. Player signed June 17 2015.,Palm Beach State College (Lake Worth FL),,Nicholas Anthony,vespini01,
279,Cam Vieaux,28.194,Jun 17,,/1,PIT,-0.6,6-3,200,L,L,Dec 5 1993,Novi MI US,Drafted by the Pittsburgh Pirates in the 6th round of the 2016 amateur draft. Player signed June 14 2016.,Michigan State University (East Lansing MI),Walled Lake Western HS (Walled Lake MI),Cameron Scott,vieauca01,
280,Mark Vientos,22.274,Sep 11,,D/H5,NYM,-0.2,6-4,220,R,R,Dec 11 1999,Norwalk CT US,Drafted by the New York Mets in the 2nd round of the 2017 amateur draft. Player signed June 22 2017.,,American Heritage HS (Plantation FL),Mark Anthony,vientma01,
281,David Villar,25.158,Jul 4,,53D/4H,SFG,1.3,6-1,215,R,R,Jan 27 1997,Atlanta GA US,Drafted by the San Francisco Giants in the 11th round of the 2018 amateur draft. Player signed June 12 2018.,University of South Florida (Tampa FL),,David Alexander,villada01,
282,Cole Waites,24.095,Sep 13,,/1,SFG,0.1,6-3,180,R,R,Jun 10 1998,Lawrenceville GA US,Drafted by the San Francisco Giants in the 18th round of the 2019 amateur draft. Player signed June 13 2019.,University of West Alabama (Livingston AL),,Cole Robert,waiteco01,
283,Ken Waldichuk,24.236,Sep 1,,/1,OAK,0.2,6-4,220,L,L,Jan 8 1998,San Diego CA US,Drafted by the New York Yankees in the 5th round of the 2019 amateur draft. Player signed June 7 2019.,Saint Mary's College of California (Moraga CA),,Kenneth Dieter,waldike01,
284,Steele Walker,25.310,Jun 5,,/7H9,TEX,-0.2,5-11,209,L,L,Jul 30 1996,Prosper TX US,Drafted by the Chicago White Sox in the 2nd round of the 2018 amateur draft. Player signed June 28 2018.,University of Oklahoma (Norman OK),Prosper HS (Prosper TX),Steele Simons,walkest01,
285,Matt Wallner,24.279,Sep 17,,9/DH,MIN,-0.3,6-5,220,L,R,Dec 12 1997,Forest Lake MN US,Drafted by the Minnesota Twins in the 1st round (39th pick) of the 2019 amateur draft. Player signed June 17 2019.,University of Southern Mississippi (Hattiesburg MS),Forest Lake HS (Forest Lake MN),Matthew John,wallnma01,
286,Jake Walsh,26.295,May 11,,/1,STL,-0.2,6-1,192,R,R,Jul 20 1995,Indialantic FL US,Drafted by the St. Louis Cardinals in the 16th round of the 2017 amateur draft. Player signed June 17 2017.,Florida Southern College (Lakeland FL) Jacksonville State University (Jacksonville AL),,Jacob Dalton,walshja02,
287,Nash Walters,25.140,Oct 5,,/1,LAA,0.0,6-5,210,R,R,May 18 1997,Tyler TX US,Drafted by the Milwaukee Brewers in the 3rd round of the 2015 amateur draft. Player signed June 15 2015.,,Lindale HS (Lindale TX),Nash Owen,waltena01,
288,Drew Waters,23.235,Aug 22,,98/7HD,KCR,0.3,6-2,185,B,R,Dec 30 1998,Atlanta GA US,Drafted by the Atlanta Braves in the 2nd round of the 2017 amateur draft. Player signed June 16 2017.,,Etowah HS (Woodstock GA),Andrew David,waterdr01,
289,Greg Weissert,27.202,Aug 25,,1,NYY,-0.3,6-2,215,R,R,Feb 4 1995,Bay Shore NY US,Drafted by the New York Yankees in the 18th round of the 2016 amateur draft. Player signed June 15 2016.,Fordham University (New York NY),Bay Shore HS (Bay Shore NY),Gregory R.,weissgr01,
290,Joey Wentz,24.217,May 11,,/1,DET,0.5,6-5,220,L,L,Oct 6 1997,Lawrence KS US,Drafted by the Atlanta Braves in the 1st round (40th pick) of the 2016 amateur draft. Player signed June 15 2016.,,Shawnee Mission East HS (Prairie Village KS),Joseph Barrett,wentzjo01,
291,Hayden Wesneski,24.275,Sep 6,,/1,CHC,0.9,6-3,210,R,R,Dec 5 1997,Houston TX US,Drafted by the New York Yankees in the 6th round of the 2019 amateur draft. Player signed June 8 2019.,Sam Houston State University (Huntsville TX),Cy-Fair HS (Cypress TX),Hayden Gregory,wesneha01,
292,Collin Wiles,28.107,Sep 14,,/1,OAK,0.0,6-4,222,R,R,May 30 1994,Overland Park KS US,Drafted by the Texas Rangers in the 1st round (53rd pick) of the 2012 amateur draft. Player signed June 11 2012.,,Blue Valley West HS (Stilwell KS),Collin James,wilesco01,
293,Marcus Wilson,25.318,Jun 29,,/H98D,SEA,0.0,6-2,198,R,R,Aug 15 1996,Los Angeles CA US,Drafted by the Arizona Diamondbacks in the 2nd round of the 2014 amateur draft. Player signed June 9 2014.,,Junipero Serra HS (Gardena CA),Marcus,wilsoma02,
294,Steven Wilson,27.228,Apr 9,,1,SDP,0.8,6-3,221,R,R,Aug 24 1994,Littleton CO US,Drafted by the San Diego Padres in the 8th round of the 2018 amateur draft. Player signed June 5 2018.,Santa Clara University (Santa Clara CA),Dakota Ridge HS (Littleton CO),Steven Christopher,wilsost02,
295,Josh Winckowski,23.334,May 28,,1,BOS,-0.3,6-4,202,R,R,Jun 28 1998,Toledo OH US,Drafted by the Toronto Blue Jays in the 15th round of the 2016 amateur draft. Player signed July 11 2016.,,Estero HS (Estero FL),Joshua Michael,winckjo01,
296,Josh Winder,25.183,Apr 12,,1,MIN,-0.1,6-5,210,R,R,Oct 11 1996,Richmond VA US,Drafted by the Minnesota Twins in the 7th round of the 2018 amateur draft. Player signed June 15 2018.,Virginia Military Institute (Lexington VA),,Joshua Stewart,windejo01,
297,Bobby Witt,21.297,Apr 7,,65/DH,KCR,0.8,6-1,200,R,R,Jun 14 2000,Colleyville TX US,Drafted by the Kansas City Royals in the 1st round (2nd pick) of the 2019 amateur draft. Player signed June 12 2019.,,Colleyville Heritage HS (Colleyville TX),Robert Andrew,wittbo02,
298,Simeon Woods Richardson,22.005,Oct 2,,/1,MIN,-0.1,6-3,210,R,R,Sep 27 2000,Sugar Land TX US,Drafted by the New York Mets in the 2nd round of the 2018 amateur draft. Player signed June 15 2018.,,Kempner HS (Sugar Land TX),Simeon,woodssi01,
299,William Woods,23.119,Apr 27,,/1,ATL,0.1,6-3,190,R,R,Dec 29 1998,Trenton TN US,Drafted by the Atlanta Braves in the 23rd round of the 2018 amateur draft. Player signed June 9 2018.,Dyersburg State Community College (Dyersburg TN),,William,woodswi02,
300,Juan Yepez,24.074,May 4,,7D93/5H,STL,0.4,6-1,200,R,R,Feb 19 1998,Caracas Distrito Federal VE,Signed as a Free Agent with the Atlanta Braves in 2014.,,,Juan David,yepezju01,
301,Danny Young,27.347,May 9,,/1,SEA,0.1,6-3,200,L,L,May 27 1994,Boynton Beach FL US,Drafted by the Toronto Blue Jays in the 8th round of the 2015 amateur draft. Player signed June 24 2015.,University of Florida (Gainesville FL),,Daniel Alexander,youngda02,
302,Jared Young,27.069,Sep 16,,/D3H9,CHC,0.1,6-2,185,L,R,Jul 9 1995,Prince George BC CA,Drafted by the Chicago Cubs in the 15th round of the 2017 amateur draft. Player signed June 27 2017.,Connors State College (Warner OK) Old Dominion University (Norfolk VA),Kelowna SS (Kelowna BC),Jared M.,youngja02,
303,Aneurys Zabala,25.173,Jun 12,,/1,MIA,0.1,6-3,259,R,R,Dec 21 1996,Santo Domingo Distrito Nacional DO,Signed as a Free Agent with the Seattle Mariners in 2014.,,,Aneurys,zabalan01,
3,Scott Alexander,29.092,Jun 1,,1,MIL,-0.9,6-3,200,R,R,Mar 1 1993,Windsor CA US,Signed as a Free Agent with the Los Angeles Angels in 2017.,California State University Long Beach (Long Beach CA) Menlo College (Atherton CA),Cardinal Newman HS (Santa Rosa CA),Scott Alexander,beeksja02,
3,Scott Alexander,29.092,Jun 1,,1,MIL,-0.9,6-3,200,R,R,Mar 1 1993,Windsor CA US,Signed as a Free Agent with the Los Angeles Angels in 2017.,California State University Long Beach (Long Beach CA) Menlo College (Atherton CA),Cardinal Newman HS (Santa Rosa CA),Scott Alexander,davieza02,
3,Scott Alexander,29.092,Jun 1,,1,MIL,-0.9,6-3,200,R,R,Mar 1 1993,Windsor CA US,Signed as a Free Agent with the Los Angeles Angels in 2017.,California State University Long Beach (Long Beach CA) Menlo College (Atherton CA),Cardinal Newman HS (Santa Rosa CA),Scott Alexander,mannima02,
3,Scott Alexander,29.092,Jun 1,,1,MIL,-0.9,6-3,200,R,R,Mar 1 1993,Windsor CA US,Signed as a Free Agent with the Los Angeles Angels in 2017.,California State University Long Beach (Long Beach CA) Menlo College (Atherton CA),Cardinal Newman HS (Santa Rosa CA),Scott Alexander,montafr02,
